Date,MTUM,QUAL,SIZE,USMV,VLUE
2014-01-02,52.704,48.351,48.986,29.338,47.054
2014-01-03,52.792,48.256,48.722,29.33,46.999
2014-01-06,52.677,48.067,48.722,29.263,46.991
2014-01-07,53.112,48.455,48.731,29.43,47.253
2014-01-08,53.502,48.437,48.731,29.422,47.253
2014-01-09,53.6,48.411,48.629,29.464,47.15
2014-01-10,53.706,48.515,48.629,29.606,47.301
2014-01-13,52.766,47.843,48.978,29.305,46.975
2014-01-14,53.573,48.394,48.748,29.48,47.126
2014-01-15,53.573,48.636,49.055,29.539,47.428
2014-01-16,53.608,48.661,48.944,29.555,47.197
2014-01-17,53.325,48.532,48.893,29.514,47.094
2014-01-21,53.742,48.722,48.893,29.522,47.158
2014-01-22,53.99,48.601,49.148,29.522,47.229
2014-01-23,53.378,48.239,49.148,29.313,46.697
2014-01-24,52.047,47.239,47.939,28.846,45.799
2014-01-27,51.515,46.86,47.803,28.721,45.568
2014-01-28,52.083,46.946,47.854,28.879,45.568
2014-01-29,51.355,46.541,47.854,28.629,45.568
2014-01-30,52.482,46.886,48.033,28.879,45.735
2014-01-31,52.021,46.67,48.033,28.729,45.632
2014-02-03,50.628,45.576,48.033,28.112,45.123
2014-02-04,51.169,45.929,47.096,28.287,44.837
2014-02-05,51.009,45.8,47.096,28.262,44.686
2014-02-06,51.604,46.36,47.096,28.495,45.29
2014-02-07,52.704,47.084,47.913,28.854,45.417
2014-02-10,52.775,47.188,48.152,28.929,45.791
2014-02-11,53.484,47.696,48.152,29.238,46.371
2014-02-12,53.511,47.8,48.152,29.238,46.347
2014-02-13,54.07,48.11,49.08,29.43,46.665
2014-02-14,54.247,48.317,49.08,29.589,46.848
2014-02-18,54.629,48.489,49.08,29.672,47.007
2014-02-19,54.274,48.136,49.676,29.564,46.903
2014-02-20,54.797,48.498,49.676,29.756,47.046
2014-02-21,54.691,48.394,49.778,29.722,46.959
2014-02-24,55.241,48.661,49.881,29.764,46.959
2014-02-25,55.17,48.601,49.881,29.764,47.11
2014-02-26,55.134,48.765,49.991,29.773,47.11
2014-02-27,55.48,48.894,49.991,29.881,47.11
2014-02-28,55.516,48.954,49.991,29.99,47.444
2014-03-03,55.037,48.489,49.949,29.781,47.102
2014-03-04,56.154,49.308,50.562,30.19,47.817
2014-03-05,56.243,49.179,50.443,30.123,47.793
2014-03-06,56.137,49.213,50.443,30.106,47.984
2014-03-07,55.977,49.075,50.502,30.181,48.048
2014-03-10,56.013,49.161,50.502,30.156,48.008
2014-03-11,55.604,49.041,50.341,30.123,47.682
2014-03-12,55.675,49.058,50.0,30.148,47.682
2014-03-13,54.868,48.411,50.0,29.898,47.682
2014-03-14,54.62,48.265,50.0,29.914,47.189
2014-03-17,55.161,48.765,50.0,30.115,47.515
2014-03-18,55.649,49.196,50.511,30.248,47.968
2014-03-19,55.188,48.842,50.511,30.015,47.944
2014-03-20,55.223,48.903,50.511,30.073,47.944
2014-03-21,54.611,48.644,50.639,29.99,48.079
2014-03-24,53.875,48.549,50.204,29.864,47.801
2014-03-25,53.991,48.716,50.429,29.967,48.115
2014-03-26,53.316,48.31,50.429,29.874,47.844
2014-03-27,53.005,48.145,49.839,29.883,47.684
2014-03-28,53.085,48.266,50.327,29.958,48.003
2014-03-31,53.618,48.725,50.669,30.244,48.347
2014-04-01,54.249,49.201,50.669,30.269,48.618
2014-04-02,54.64,49.33,50.985,30.344,48.618
2014-04-03,54.124,49.14,50.943,30.353,48.618
2014-04-04,52.96,48.388,50.943,30.101,49.017
2014-04-07,52.276,47.972,50.318,29.891,47.868
2014-04-08,52.436,47.998,50.318,30.017,47.86
2014-04-09,53.556,48.664,50.267,30.235,48.331
2014-04-10,51.912,47.765,50.079,29.799,47.524
2014-04-11,51.236,47.177,49.608,29.581,47.101
2014-04-14,51.521,47.531,49.608,29.799,47.189
2014-04-15,51.983,47.938,49.565,29.975,47.7
2014-04-16,52.72,48.491,50.301,30.269,48.107
2014-04-17,52.934,48.587,50.575,30.285,48.339
2014-04-21,53.316,48.69,50.592,30.378,48.395
2014-04-22,53.751,48.958,50.814,30.445,48.666
2014-04-23,53.476,48.725,50.814,30.395,48.594
2014-04-24,53.289,48.768,50.814,30.344,48.594
2014-04-25,52.383,48.405,50.592,30.277,48.259
2014-04-28,52.24,48.76,50.438,30.445,48.402
2014-04-29,52.676,49.019,50.789,30.52,48.674
2014-04-30,53.085,49.088,50.883,30.646,48.738
2014-05-01,53.209,49.157,51.037,30.638,48.706
2014-05-02,53.209,49.045,51.062,30.554,48.722
2014-05-05,53.6,49.27,51.062,30.638,48.434
2014-05-06,52.818,48.872,50.806,30.411,48.41
2014-05-07,52.8,48.837,50.96,30.596,48.41
2014-05-08,52.72,48.855,50.96,30.579,48.57
2014-05-09,53.031,49.062,50.925,30.621,48.387
2014-05-12,53.911,49.581,51.396,30.772,49.097
2014-05-13,53.973,49.668,51.404,30.814,49.217
2014-05-14,53.556,49.374,51.345,30.738,48.985
2014-05-15,52.96,48.863,50.729,30.487,48.387
2014-05-16,53.173,49.106,51.028,30.629,48.387
2014-05-19,53.644,49.279,51.156,30.629,48.81
2014-05-20,53.209,48.976,50.814,30.445,48.49
2014-05-21,53.849,49.322,51.002,30.613,48.786
2014-05-22,54.195,49.443,51.259,30.671,49.033
2014-05-23,54.48,49.694,51.413,30.738,49.129
2014-05-27,55.031,49.884,51.635,30.806,49.321
2014-05-28,55.066,49.875,51.772,30.747,49.361
2014-05-29,55.279,50.066,51.875,30.89,49.488
2014-05-30,55.244,50.23,52.046,30.999,49.488
2014-06-02,55.404,50.265,52.174,30.982,49.76
2014-06-03,55.297,50.152,52.174,30.948,49.76
2014-06-04,55.413,50.265,52.123,31.074,49.904
2014-06-05,55.688,50.576,52.123,31.192,49.975
2014-06-06,55.821,50.775,52.765,31.25,50.447
2014-06-09,55.768,50.818,52.756,31.242,50.502
2014-06-10,55.777,50.714,52.619,31.166,50.526
2014-06-11,55.75,50.55,52.619,31.024,50.343
2014-06-12,55.279,50.066,52.619,30.906,50.191
2014-06-13,55.368,50.126,52.619,30.982,50.103
2014-06-16,55.395,50.213,52.619,30.999,50.215
2014-06-17,55.573,50.308,52.619,31.032,50.375
2014-06-18,56.106,50.455,52.653,31.25,50.766
2014-06-19,56.124,50.593,53.115,31.376,50.79
2014-06-20,56.488,50.663,53.158,31.426,50.95
2014-06-23,56.399,50.663,53.278,31.376,50.974
2014-06-24,56.061,50.351,52.953,31.259,50.606
2014-06-25,56.451,50.578,53.039,31.367,50.728
2014-06-26,56.406,50.491,53.03,31.334,50.447
2014-06-27,56.46,50.604,53.168,31.384,50.608
2014-06-30,56.389,50.526,53.176,31.384,50.784
2014-07-01,56.879,51.064,53.495,31.553,51.065
2014-07-02,56.763,51.107,53.254,31.511,51.065
2014-07-03,57.048,51.394,53.538,31.612,51.346
2014-07-07,56.54,51.238,53.271,31.553,51.161
2014-07-08,56.085,50.968,52.996,31.485,50.905
2014-07-09,56.442,51.133,53.219,31.595,51.113
2014-07-10,56.255,50.838,53.039,31.544,50.897
2014-07-11,56.469,50.89,53.039,31.544,50.913
2014-07-14,56.745,51.212,53.039,31.646,50.913
2014-07-15,56.478,50.977,53.039,31.603,51.234
2014-07-16,56.522,51.055,53.331,31.705,51.362
2014-07-17,55.738,50.447,52.927,31.393,51.065
2014-07-18,56.558,51.107,53.28,31.688,51.306
2014-07-21,56.576,50.916,53.116,31.587,51.226
2014-07-22,56.959,51.272,53.245,31.654,51.426
2014-07-23,57.226,51.524,53.245,31.688,51.571
2014-07-24,57.414,51.377,53.417,31.696,51.611
2014-07-25,57.226,51.142,53.417,31.561,51.346
2014-07-28,57.128,51.324,52.867,31.629,51.258
2014-07-29,56.941,51.142,53.219,31.536,51.362
2014-07-30,57.03,51.151,52.729,31.477,51.121
2014-07-31,55.8,50.144,52.222,30.937,50.375
2014-08-01,55.809,49.935,51.973,30.937,50.006
2014-08-04,56.237,50.256,52.145,31.064,50.006
2014-08-05,55.604,49.883,51.732,30.76,49.621
2014-08-06,55.363,50.013,51.689,30.836,49.806
2014-08-07,55.078,49.692,51.414,30.718,49.485
2014-08-08,55.675,50.265,51.999,31.081,50.014
2014-08-11,55.88,50.387,52.248,31.224,50.223
2014-08-12,55.827,50.343,52.145,31.207,50.143
2014-08-13,56.299,50.665,52.334,31.376,50.239
2014-08-14,56.602,50.908,52.661,31.561,50.576
2014-08-15,56.727,50.96,52.97,31.544,50.568
2014-08-18,57.093,51.472,53.168,31.755,50.977
2014-08-19,57.503,51.854,53.486,31.932,51.306
2014-08-20,57.735,52.071,53.572,31.966,51.466
2014-08-21,57.841,52.123,53.744,32.067,51.683
2014-08-22,57.868,52.115,53.624,31.958,51.49
2014-08-25,58.162,52.314,53.847,32.076,51.787
2014-08-26,58.216,52.41,53.873,32.059,51.875
2014-08-27,58.136,52.28,53.838,32.059,51.94
2014-08-28,58.082,52.236,53.838,32.093,51.827
2014-08-29,58.367,52.323,54.028,32.168,51.835
2014-09-02,58.546,52.445,54.045,32.135,51.843
2014-09-03,58.546,52.227,54.071,32.185,51.948
2014-09-04,58.439,52.106,54.01,32.16,51.795
2014-09-05,58.786,52.332,54.122,32.346,51.988
2014-09-08,58.786,52.306,54.191,32.27,51.9
2014-09-09,58.367,52.002,53.924,32.084,51.635
2014-09-10,58.67,52.323,53.924,32.093,51.699
2014-09-11,58.563,52.167,53.916,32.135,51.699
2014-09-12,58.198,51.958,53.529,31.865,51.362
2014-09-15,57.886,51.819,53.46,31.915,51.442
2014-09-16,58.528,52.245,53.881,32.135,51.426
2014-09-17,58.617,52.236,53.83,32.135,51.972
2014-09-18,58.938,52.601,53.856,32.227,52.22
2014-09-19,58.867,52.601,53.933,32.253,52.028
2014-09-22,58.198,52.219,53.52,32.076,51.667
2014-09-23,57.993,51.941,53.125,31.907,51.378
2014-09-24,58.613,52.468,53.555,32.145,51.642
2014-09-25,57.818,51.58,52.933,31.789,50.95
2014-09-26,58.3,52.111,52.933,31.959,51.183
2014-09-29,58.256,52.032,52.916,31.967,51.183
2014-09-30,57.979,51.919,52.985,31.916,51.023
2014-10-01,57.13,51.188,52.372,31.671,50.226
2014-10-02,57.085,51.196,52.493,31.713,49.864
2014-10-03,57.916,51.728,53.045,32.06,50.693
2014-10-06,57.773,51.623,52.942,32.043,50.846
2014-10-07,56.772,50.874,52.787,31.688,50.194
2014-10-08,57.907,51.806,52.925,32.221,50.87
2014-10-09,56.531,50.883,52.407,31.696,49.8
2014-10-10,55.709,50.169,51.699,31.552,49.133
2014-10-13,54.404,49.315,51.699,31.222,48.344
2014-10-14,54.162,49.385,51.173,31.366,48.465
2014-10-15,53.885,49.132,50.413,31.112,47.95
2014-10-16,54.234,49.115,51.06,31.044,48.023
2014-10-17,55.154,49.655,51.587,31.374,48.642
2014-10-20,55.592,49.907,51.898,31.645,49.165
2014-10-21,56.978,50.883,51.898,32.12,50.017
2014-10-22,56.567,50.613,52.726,32.052,49.848
2014-10-23,57.451,51.327,53.261,32.272,50.299
2014-10-24,58.059,51.693,53.615,32.535,50.508
2014-10-27,57.907,51.797,53.615,32.586,50.548
2014-10-28,58.595,52.311,53.822,32.797,50.685
2014-10-29,58.238,52.215,53.822,32.721,50.805
2014-10-30,58.685,52.808,54.349,33.06,51.216
2014-10-31,59.31,53.304,54.901,33.272,51.771
2014-11-03,59.4,53.226,55.065,33.314,52.092
2014-11-04,59.302,53.086,54.892,33.373,51.843
2014-11-05,59.596,53.208,55.203,33.543,52.165
2014-11-06,59.909,53.461,55.203,33.585,52.189
2014-11-07,59.659,53.4,55.203,33.602,52.358
2014-11-10,59.874,53.687,55.635,33.754,52.599
2014-11-11,59.9,53.748,55.635,33.738,52.535
2014-11-12,59.927,53.818,55.54,33.729,52.567
2014-11-13,59.811,53.87,55.514,33.78,52.567
2014-11-14,59.739,53.8,55.514,33.721,52.631
2014-11-17,59.847,53.687,55.626,33.814,52.535
2014-11-18,60.571,53.94,55.997,33.975,52.535
2014-11-19,60.311,53.818,55.825,33.958,52.888
2014-11-20,60.267,53.975,55.825,33.966,52.953
2014-11-21,60.597,54.245,55.825,34.051,53.291
2014-11-24,60.901,54.428,55.825,34.11,53.435
2014-11-25,61.0,54.384,56.481,34.119,53.532
2014-11-26,61.429,54.506,56.524,34.271,53.323
2014-11-28,61.536,54.523,56.636,34.457,53.081
2014-12-01,61.107,54.253,56.308,34.33,52.768
2014-12-02,61.509,54.532,56.463,34.449,53.226
2014-12-03,61.625,54.793,56.705,34.508,53.411
2014-12-04,61.652,54.785,56.705,34.474,53.323
2014-12-05,61.858,54.846,56.688,34.474,53.484
2014-12-08,61.643,54.436,56.489,34.415,53.033
2014-12-09,61.625,54.523,56.437,34.33,53.033
2014-12-10,60.696,53.609,55.756,33.915,52.149
2014-12-11,61.026,53.896,56.291,34.119,52.39
2014-12-12,60.338,53.13,55.445,33.678,51.972
2014-12-15,59.918,52.869,54.867,33.509,51.103
2014-12-16,59.257,52.241,54.867,33.331,50.789
2014-12-17,60.267,53.112,55.203,33.915,50.789
2014-12-18,61.849,54.619,56.17,34.551,52.712
2014-12-19,61.876,54.854,56.826,34.627,53.25
2014-12-22,61.885,54.854,57.171,34.839,53.516
2014-12-23,61.563,54.872,57.533,34.881,53.886
2014-12-24,61.65,54.767,57.844,34.905,53.79
2014-12-26,61.937,54.898,57.714,34.973,53.943
2014-12-29,61.919,54.915,57.809,35.007,54.04
2014-12-30,61.434,54.706,57.532,34.862,53.806
2014-12-31,61.04,54.219,56.864,34.471,53.361
2015-01-02,60.941,54.21,56.681,34.496,52.86
2015-01-05,60.152,53.391,55.996,34.173,52.86
2015-01-06,59.641,52.93,55.77,34.079,51.761
2015-01-07,60.627,53.531,56.282,34.513,52.173
2015-01-08,61.865,54.532,57.124,35.024,53.232
2015-01-09,61.542,54.062,56.751,34.82,52.731
2015-01-12,61.183,53.618,56.317,34.666,52.181
2015-01-13,60.977,53.47,56.239,34.632,52.035
2015-01-14,60.771,53.26,55.892,34.513,51.623
2015-01-15,60.367,52.764,55.831,34.462,51.162
2015-01-16,61.103,53.478,55.987,34.837,51.849
2015-01-20,61.434,53.722,56.352,34.896,51.68
2015-01-21,61.677,53.827,56.543,34.956,52.068
2015-01-22,62.735,54.689,57.35,35.467,52.448
2015-01-23,62.609,54.567,57.28,35.28,52.617
2015-01-26,62.672,54.663,57.436,35.356,52.537
2015-01-27,61.874,53.748,57.02,35.101,52.318
2015-01-28,61.165,53.243,57.028,34.7,51.251
2015-01-29,61.748,53.757,56.629,34.879,51.68
2015-01-30,60.618,53.278,55.961,34.3,51.162
2015-02-02,61.067,53.757,56.161,34.598,51.017
2015-02-03,61.65,54.567,57.167,34.981,52.779
2015-02-04,61.551,54.175,57.081,34.896,52.925
2015-02-05,62.224,54.837,57.697,35.237,53.183
2015-02-06,61.623,54.471,57.41,34.93,53.385
2015-02-09,61.237,54.297,57.41,34.743,52.836
2015-02-10,62.089,54.872,57.575,35.109,53.329
2015-02-11,62.412,54.898,57.523,35.126,53.41
2015-02-12,62.816,55.351,58.009,35.297,53.935
2015-02-13,62.896,55.691,58.035,35.322,54.169
2015-02-17,63.165,55.725,58.2,35.339,54.307
2015-02-18,63.354,55.839,58.018,35.458,54.194
2015-02-19,63.39,55.943,58.391,35.305,54.194
2015-02-20,63.91,56.352,58.269,35.535,54.218
2015-02-23,64.134,56.396,58.538,35.578,54.283
2015-02-24,64.206,56.518,58.642,35.595,54.501
2015-02-25,64.053,56.605,58.651,35.603,54.436
2015-02-26,64.152,56.57,58.651,35.569,54.194
2015-02-27,63.91,56.483,58.443,35.552,54.194
2015-03-02,64.304,56.919,58.512,35.671,54.485
2015-03-03,63.874,56.596,58.434,35.535,54.113
2015-03-04,63.793,56.361,58.061,35.373,53.927
2015-03-05,63.937,56.535,58.287,35.501,54.008
2015-03-06,62.914,55.682,57.41,34.871,53.159
2015-03-09,63.3,55.995,57.645,35.033,53.499
2015-03-10,62.322,55.063,56.994,34.581,52.593
2015-03-11,62.188,54.785,56.907,34.505,52.609
2015-03-12,62.887,55.36,57.454,34.956,53.046
2015-03-13,62.618,54.985,57.341,34.786,52.892
2015-03-16,63.578,55.795,57.983,35.262,53.507
2015-03-17,63.623,55.551,57.792,35.109,53.41
2015-03-18,64.304,56.231,58.799,35.535,54.0
2015-03-19,64.394,56.222,58.321,35.424,53.668
2015-03-20,64.878,56.762,58.972,35.705,54.347
2015-03-23,64.547,56.753,58.894,35.765,54.242
2015-03-24,64.224,56.361,58.53,35.552,53.854
2015-03-25,62.895,55.553,57.7,35.106,53.254
2015-03-26,62.913,55.465,57.552,34.995,53.035
2015-03-27,63.381,55.492,57.7,35.149,52.978
2015-03-30,63.966,56.13,58.545,35.534,53.684
2015-03-31,63.237,55.596,58.031,35.286,53.684
2015-04-01,62.715,55.264,58.014,35.201,53.254
2015-04-02,62.868,55.369,58.206,35.269,53.303
2015-04-06,63.183,55.675,58.632,35.466,53.814
2015-04-07,63.165,55.78,58.606,35.329,53.579
2015-04-08,63.381,55.85,58.432,35.431,53.619
2015-04-09,63.597,56.13,58.519,35.491,53.831
2015-04-10,63.957,56.269,58.815,35.585,54.156
2015-04-13,63.624,56.086,58.554,35.431,54.115
2015-04-14,63.552,55.946,58.589,35.508,54.091
2015-04-15,63.759,56.296,58.589,35.543,54.659
2015-04-16,63.795,56.156,58.676,35.508,54.399
2015-04-17,63.021,55.448,57.935,35.158,53.831
2015-04-20,63.705,56.06,58.589,35.457,54.375
2015-04-21,63.894,56.112,58.589,35.44,54.318
2015-04-22,64.109,56.444,58.685,35.56,53.985
2015-04-23,64.199,56.715,58.929,35.697,54.578
2015-04-24,64.307,56.925,58.659,35.748,54.489
2015-04-27,63.804,56.706,58.624,35.5,54.497
2015-04-28,63.867,56.768,58.458,35.645,54.602
2015-04-29,63.453,56.444,58.197,35.372,54.432
2015-04-30,62.58,55.693,57.7,35.081,54.042
2015-05-01,63.534,56.488,58.153,35.346,54.424
2015-05-04,63.687,56.61,58.598,35.449,54.781
2015-05-05,62.742,56.025,57.691,35.064,54.147
2015-05-06,62.49,55.71,57.386,34.978,53.912
2015-05-07,63.021,56.007,57.866,35.166,54.05
2015-05-08,63.831,56.846,58.511,35.568,54.692
2015-05-11,63.624,56.671,58.511,35.38,54.432
2015-05-12,63.399,56.497,58.171,35.312,54.367
2015-05-13,63.471,56.479,58.11,35.277,54.245
2015-05-14,64.361,57.161,58.11,35.697,54.724
2015-05-15,64.496,57.205,58.606,35.816,54.83
2015-05-18,64.838,57.362,58.946,35.868,54.984
2015-05-19,64.82,57.414,58.946,35.893,55.025
2015-05-20,64.802,57.353,59.077,35.876,55.098
2015-05-21,64.892,57.449,58.99,35.85,55.081
2015-05-22,64.793,57.275,59.007,35.756,55.138
2015-05-26,64.136,56.575,58.328,35.449,54.375
2015-05-27,64.982,57.039,58.693,35.679,54.765
2015-05-28,64.892,57.004,58.728,35.654,54.862
2015-05-29,64.685,56.54,58.641,35.44,54.537
2015-06-01,64.739,56.689,58.632,35.534,54.537
2015-06-02,64.46,56.637,58.632,35.414,54.61
2015-06-03,64.559,56.741,58.563,35.406,54.74
2015-06-04,64.055,56.226,58.563,35.166,54.334
2015-06-05,63.867,56.112,58.023,34.961,54.318
2015-06-08,63.489,55.754,57.883,34.807,54.115
2015-06-09,63.543,55.745,57.613,34.747,54.139
2015-06-10,64.316,56.505,58.24,35.047,54.683
2015-06-11,64.496,56.733,58.406,35.226,54.773
2015-06-12,64.145,56.278,58.136,35.012,54.359
2015-06-15,64.1,55.981,57.796,34.824,54.107
2015-06-16,64.523,56.348,58.11,35.055,54.391
2015-06-17,64.622,56.567,58.423,35.183,54.391
2015-06-18,65.54,57.152,58.85,35.56,54.992
2015-06-19,65.486,56.969,58.702,35.414,54.773
2015-06-22,65.783,57.17,58.885,35.517,55.016
2015-06-23,65.909,57.074,58.885,35.483,55.016
2015-06-24,65.328,56.761,58.451,35.225,54.68
2015-06-25,65.689,56.55,58.451,35.148,54.696
2015-06-26,65.491,56.497,58.451,35.216,54.337
2015-06-29,64.273,55.242,57.173,34.615,53.513
2015-06-30,64.462,55.496,57.295,34.649,53.635
2015-07-01,65.067,55.777,57.645,35.062,53.676
2015-07-02,64.922,55.865,57.645,35.087,53.79
2015-07-06,64.787,55.628,57.645,35.113,53.366
2015-07-07,65.193,56.015,58.022,35.448,53.749
2015-07-08,64.237,55.163,57.19,35.07,52.786
2015-07-09,64.498,55.33,57.619,35.07,53.104
2015-07-10,65.5,55.909,57.891,35.44,53.619
2015-07-13,66.195,56.656,57.891,35.689,54.141
2015-07-14,66.574,56.901,58.573,35.766,54.427
2015-07-15,66.447,56.866,58.46,35.741,54.272
2015-07-16,66.826,57.27,58.46,35.973,54.647
2015-07-17,66.826,57.665,58.425,35.895,54.647
2015-07-20,67.043,57.788,58.521,35.912,54.582
2015-07-21,66.664,57.621,58.53,35.749,54.231
2015-07-22,66.691,57.384,58.53,35.801,54.231
2015-07-23,66.357,57.077,58.53,35.577,54.011
2015-07-24,66.204,56.225,58.53,35.448,53.684
2015-07-27,65.689,55.865,57.146,35.354,52.925
2015-07-28,66.528,56.612,57.418,35.723,53.578
2015-07-29,66.962,57.086,57.418,35.964,54.076
2015-07-30,66.898,57.27,57.418,35.981,54.002
2015-07-31,66.907,57.095,58.722,36.041,53.807
2015-08-03,66.835,56.866,58.407,36.076,53.692
2015-08-04,66.583,56.884,58.407,36.05,53.464
2015-08-05,66.853,57.349,58.652,36.265,53.586
2015-08-06,65.653,56.656,58.013,36.05,53.366
2015-08-07,65.608,56.533,58.092,36.041,53.366
2015-08-10,66.104,57.182,58.792,36.273,53.896
2015-08-11,65.707,56.735,58.425,36.196,53.317
2015-08-12,65.5,56.814,57.812,36.299,53.341
2015-08-13,65.734,56.822,58.398,36.308,53.578
2015-08-14,65.897,56.954,58.635,36.48,53.562
2015-08-17,66.564,57.253,59.081,36.634,53.758
2015-08-18,66.474,57.182,58.959,36.626,53.692
2015-08-19,66.213,56.963,58.714,36.497,53.26
2015-08-20,64.588,55.777,57.698,35.973,52.198
2015-08-21,62.441,53.81,56.227,35.044,50.737
2015-08-24,59.969,51.756,53.653,33.73,48.745
2015-08-25,59.806,51.15,54.441,33.154,48.974
2015-08-26,62.179,53.503,54.616,34.159,49.431
2015-08-27,63.704,54.583,55.894,34.787,50.574
2015-08-28,63.587,54.601,55.71,34.752,50.729
2015-08-31,62.892,54.004,55.439,34.409,50.696
2015-09-01,61.187,52.528,53.907,33.592,49.031
2015-09-02,62.567,53.442,54.528,34.073,49.455
2015-09-03,62.558,53.556,55.054,34.151,50.133
2015-09-04,61.936,52.792,54.283,33.687,49.464
2015-09-08,63.442,54.083,55.29,34.391,50.5
2015-09-09,62.585,53.205,55.29,33.919,50.174
2015-09-10,62.928,53.547,55.29,33.996,50.166
2015-09-11,63.677,53.881,55.29,34.211,50.304
2015-09-14,63.316,53.661,54.922,34.116,50.141
2015-09-15,64.128,54.355,54.922,34.452,50.974
2015-09-16,64.57,54.724,54.922,34.735,51.423
2015-09-17,64.742,54.662,56.63,34.821,51.349
2015-09-18,63.803,53.837,55.465,34.486,50.133
2015-09-21,64.246,54.074,55.465,34.701,50.41
2015-09-22,63.515,53.626,54.66,34.34,49.464
2015-09-23,63.596,53.503,54.756,34.409,49.39
2015-09-24,63.118,53.354,54.467,34.383,49.235
2015-09-25,62.744,53.401,54.942,34.393,49.251
2015-09-28,60.79,52.228,53.781,33.702,47.995
2015-09-29,60.338,52.387,53.218,33.771,48.019
2015-09-30,61.704,53.304,54.335,34.194,49.243
2015-10-01,62.228,53.295,54.239,34.238,49.021
2015-10-02,63.133,54.0,55.021,34.67,49.695
2015-10-05,63.793,54.856,55.989,35.162,51.148
2015-10-06,62.979,54.662,55.742,34.894,51.132
2015-10-07,63.169,55.102,56.27,35.145,51.699
2015-10-08,63.594,55.64,56.868,35.412,52.282
2015-10-09,63.938,55.684,56.736,35.481,52.2
2015-10-12,64.182,55.623,56.736,35.594,52.241
2015-10-13,63.821,55.217,56.552,35.438,52.003
2015-10-14,63.314,54.882,56.552,35.196,51.797
2015-10-15,64.191,55.72,56.886,35.576,52.38
2015-10-16,64.725,56.037,57.044,35.861,52.43
2015-10-19,65.024,56.108,57.123,35.939,52.528
2015-10-20,64.472,56.125,57.202,35.879,52.463
2015-10-21,63.956,55.993,57.0,35.749,51.978
2015-10-22,64.381,57.245,57.677,36.267,52.701
2015-10-23,65.232,57.783,57.774,36.285,53.128
2015-10-26,65.594,57.73,57.686,36.302,52.783
2015-10-27,65.82,57.607,57.501,36.25,52.463
2015-10-28,66.353,58.18,57.915,36.457,53.3
2015-10-29,66.462,58.136,58.038,36.457,53.021
2015-10-30,66.218,57.915,58.02,36.242,52.84
2015-11-02,66.552,58.48,58.469,36.57,53.522
2015-11-03,66.417,58.762,58.214,36.535,53.588
2015-11-04,66.435,58.585,58.214,36.449,53.251
2015-11-05,66.878,58.33,58.17,36.388,53.243
2015-11-06,66.462,58.347,58.17,36.095,53.399
2015-11-09,65.865,57.704,58.17,35.836,52.807
2015-11-10,66.326,57.827,58.17,36.008,52.963
2015-11-11,66.236,57.686,57.88,36.0,52.602
2015-11-12,65.34,56.884,57.167,35.576,51.97
2015-11-13,64.273,56.196,57.167,35.257,51.173
2015-11-16,65.105,57.051,57.167,35.775,51.773
2015-11-17,65.367,57.069,57.167,35.732,51.699
2015-11-18,66.489,57.959,57.677,36.146,52.561
2015-11-19,66.082,57.977,57.853,36.155,52.356
2015-11-20,66.733,58.259,57.853,36.25,52.438
2015-11-23,66.878,58.321,57.853,36.25,52.397
2015-11-24,66.806,58.356,57.809,36.259,52.536
2015-11-25,67.032,58.4,58.231,36.267,52.545
2015-11-27,67.177,58.471,58.179,36.336,52.586
2015-11-30,66.571,58.171,58.355,36.164,52.479
2015-12-01,67.339,58.559,58.601,36.552,52.947
2015-12-02,66.987,58.1,58.02,36.207,52.446
2015-12-03,65.892,57.228,57.035,35.732,51.682
2015-12-04,67.339,58.506,57.035,36.449,52.66
2015-12-07,67.059,58.206,57.827,36.388,52.249
2015-12-08,67.131,57.871,57.414,36.311,51.641
2015-12-09,66.191,57.351,56.939,36.0,51.305
2015-12-10,66.245,57.527,57.097,35.982,51.97
2015-12-11,65.105,56.381,56.042,35.551,50.623
2015-12-14,65.784,56.76,56.077,35.801,50.385
2015-12-15,66.173,57.28,56.684,36.103,51.28
2015-12-16,67.213,58.003,57.449,36.622,52.003
2015-12-17,66.444,57.192,56.666,36.25,51.124
2015-12-18,65.431,56.134,56.129,35.732,50.524
2015-12-21,66.01,56.628,56.112,35.974,50.746
2015-12-22,66.39,57.104,56.305,36.25,51.288
2015-12-23,66.788,57.765,57.387,36.596,52.093
2015-12-24,66.626,57.703,57.732,36.563,52.105
2015-12-28,66.799,57.562,57.361,36.581,51.617
2015-12-29,67.606,58.173,57.909,36.885,52.259
2015-12-30,67.243,57.783,57.768,36.729,51.804
2015-12-31,66.481,57.172,57.768,36.346,51.497
2016-01-04,65.139,56.331,55.918,35.894,50.62
2016-01-05,65.447,56.482,55.918,36.138,50.703
2016-01-06,65.102,55.809,55.618,35.912,49.776
2016-01-07,63.651,54.48,54.662,35.329,48.701
2016-01-08,63.043,53.861,54.007,34.973,48.171
2016-01-11,63.424,53.94,53.689,35.025,47.873
2016-01-12,64.104,54.489,54.14,35.208,48.221
2016-01-13,62.127,53.259,52.963,34.651,46.963
2016-01-14,62.825,54.055,53.636,35.008,47.427
2016-01-15,61.637,52.993,52.68,34.556,46.194
2016-01-19,62.073,53.055,52.68,34.79,45.797
2016-01-20,61.492,52.4,52.123,34.252,45.3
2016-01-21,61.701,52.63,52.477,34.356,45.499
2016-01-22,62.916,53.772,53.353,35.008,46.235
2016-01-25,62.245,52.949,52.477,34.712,45.375
2016-01-26,62.789,53.737,53.264,35.164,46.186
2016-01-27,61.855,53.064,52.937,34.964,46.012
2016-01-28,62.753,53.25,53.025,35.008,45.913
2016-01-29,63.95,54.534,54.317,35.842,47.03
2016-02-01,64.295,54.578,54.326,35.972,47.369
2016-02-02,63.379,53.666,53.441,35.599,45.929
2016-02-03,62.717,54.055,53.556,35.686,46.219
2016-02-04,62.082,54.162,54.06,35.581,46.459
2016-02-05,60.222,53.179,53.821,35.164,45.946
2016-02-08,58.852,52.63,52.273,34.843,45.184
2016-02-09,59.17,52.763,52.335,34.851,45.052
2016-02-10,59.814,52.825,52.432,34.938,45.011
2016-02-11,59.351,52.178,51.539,34.625,44.299
2016-02-12,60.159,53.099,52.521,35.103,45.474
2016-02-16,61.193,53.949,53.547,35.529,46.525
2016-02-17,62.172,54.746,54.335,35.859,47.369
2016-02-18,61.655,54.631,54.202,35.938,47.137
2016-02-19,62.009,54.578,54.14,35.964,46.897
2016-02-22,62.943,55.224,54.91,36.311,47.882
2016-02-23,62.635,54.622,54.644,36.138,47.22
2016-02-24,62.998,54.914,54.742,36.303,47.427
2016-02-25,63.95,55.499,54.742,36.746,48.006
2016-02-26,63.733,55.268,55.573,36.459,48.014
2016-02-29,63.134,54.861,54.989,36.216,47.882
2016-03-01,64.585,56.101,55.848,36.772,48.842
2016-03-02,64.458,56.198,55.848,36.885,49.214
2016-03-03,64.413,56.269,56.317,36.955,49.586
2016-03-04,64.322,56.393,56.317,37.033,49.735
2016-03-07,63.642,56.428,56.945,37.015,50.157
2016-03-08,63.406,56.057,56.945,36.894,49.156
2016-03-09,63.723,56.163,56.679,37.015,49.636
2016-03-10,63.796,56.207,56.449,37.068,49.776
2016-03-11,64.812,57.013,57.538,37.502,50.745
2016-03-14,64.948,57.004,57.617,37.511,50.554
2016-03-15,64.912,57.066,57.325,37.493,50.256
2016-03-16,65.266,57.323,57.83,37.676,50.654
2016-03-17,65.229,57.774,58.343,37.893,50.96
2016-03-18,65.356,57.907,58.555,37.963,51.382
2016-03-21,65.474,58.031,58.493,37.928,51.431
2016-03-22,65.501,58.004,58.537,37.867,51.373
2016-03-23,65.42,57.447,57.812,37.805,50.331
2016-03-24,65.402,57.376,57.467,37.805,50.256
2016-03-28,65.593,57.455,57.883,37.892,50.298
2016-03-29,66.339,57.96,57.883,38.347,50.67
2016-03-30,66.666,58.252,58.776,38.416,50.885
2016-03-31,66.485,58.102,58.776,38.364,50.761
2016-04-01,67.212,58.545,58.856,38.687,50.827
2016-04-04,66.876,58.341,58.617,38.617,50.496
2016-04-05,66.184,57.934,58.148,38.294,49.975
2016-04-06,67.003,58.483,58.148,38.574,50.505
2016-04-07,66.357,57.854,57.803,38.32,49.793
2016-04-08,66.248,57.996,58.166,38.408,49.925
2016-04-11,65.839,57.845,58.157,38.259,49.851
2016-04-12,66.221,58.367,58.405,38.495,50.356
2016-04-13,66.594,58.854,58.953,38.504,51.142
2016-04-14,66.53,58.828,58.891,38.434,51.084
2016-04-15,66.685,58.837,58.891,38.547,50.902
2016-04-18,67.167,59.2,59.325,38.818,51.315
2016-04-19,66.93,59.333,59.511,38.897,51.779
2016-04-20,67.048,59.288,59.661,38.678,52.126
2016-04-21,66.612,58.943,58.927,38.216,51.862
2016-04-22,66.184,58.89,59.157,38.338,52.143
2016-04-25,66.303,58.846,59.042,38.425,51.903
2016-04-26,66.23,58.934,59.458,38.399,52.168
2016-04-27,66.221,58.97,59.599,38.53,52.449
2016-04-28,65.957,58.421,59.75,38.355,51.878
2016-04-29,66.066,57.872,58.697,38.224,51.142
2016-05-02,66.903,58.394,59.281,38.556,51.324
2016-05-03,66.448,57.934,58.944,38.425,50.728
2016-05-04,66.385,57.571,58.714,38.469,50.19
2016-05-05,66.275,57.597,58.918,38.495,50.066
2016-05-06,66.694,57.73,58.891,38.617,50.289
2016-05-09,67.167,57.854,59.068,38.783,50.174
2016-05-10,68.067,58.509,59.758,39.106,50.827
2016-05-11,67.33,57.889,59.325,38.783,50.298
2016-05-12,67.494,58.004,59.166,38.905,50.116
2016-05-13,67.121,57.491,58.626,38.643,49.636
2016-05-16,67.558,58.04,59.307,38.975,50.223
2016-05-17,66.621,57.5,58.705,38.443,49.967
2016-05-18,66.603,57.411,58.529,38.216,50.008
2016-05-19,66.375,57.172,58.493,38.198,50.008
2016-05-20,66.676,57.438,58.679,38.285,50.463
2016-05-23,66.403,57.34,58.785,38.189,50.455
2016-05-24,67.467,58.217,59.387,38.574,51.117
2016-05-25,67.503,58.465,59.75,38.643,51.63
2016-05-26,67.64,58.447,59.776,38.757,51.588
2016-05-27,67.867,58.651,59.918,38.853,51.82
2016-05-31,67.685,58.491,60.13,38.827,51.895
2016-06-01,67.876,58.58,60.121,38.897,51.878
2016-06-02,68.058,58.624,60.431,39.054,52.085
2016-06-03,68.322,58.509,60.307,39.15,51.795
2016-06-06,68.285,58.881,60.387,39.124,52.143
2016-06-07,68.304,58.837,60.599,39.176,52.366
2016-06-08,68.722,59.014,60.829,39.386,52.49
2016-06-09,68.977,58.943,60.723,39.508,52.341
2016-06-10,68.576,58.465,60.183,39.351,51.737
2016-06-13,68.14,58.004,59.803,39.124,51.183
2016-06-14,68.213,57.925,59.608,39.176,50.852
2016-06-15,68.058,57.765,59.608,39.124,50.86
2016-06-16,68.331,58.058,59.511,39.325,50.844
2016-06-17,67.903,57.827,59.696,39.15,50.968
2016-06-20,68.304,58.199,60.183,39.316,51.291
2016-06-21,68.442,58.311,60.256,39.446,51.377
2016-06-22,68.278,58.222,60.46,39.437,51.286
2016-06-23,68.898,58.962,60.736,39.779,52.101
2016-06-24,67.439,56.922,58.887,39.077,49.938
2016-06-27,67.12,56.05,57.633,38.884,48.615
2016-06-28,67.941,56.976,58.122,39.349,49.58
2016-06-29,68.716,57.911,59.714,39.876,50.495
2016-06-30,69.683,58.775,60.54,40.57,51.269
2016-07-01,69.746,58.881,60.825,40.64,51.377
2016-07-05,69.974,58.534,60.292,40.754,50.662
2016-07-06,70.403,58.775,60.309,40.851,51.019
2016-07-07,70.029,58.739,60.62,40.657,51.078
2016-07-08,70.868,59.549,61.536,41.114,52.026
2016-07-11,71.014,59.71,61.732,41.149,52.259
2016-07-12,70.85,60.03,62.043,41.052,52.941
2016-07-13,70.96,60.021,62.043,41.202,52.958
2016-07-14,71.087,60.297,62.23,41.263,53.324
2016-07-15,71.005,60.306,62.141,41.184,53.315
2016-07-18,71.16,60.413,62.274,41.158,53.482
2016-07-19,71.324,60.449,62.167,41.202,53.382
2016-07-20,71.452,60.725,62.47,41.228,53.698
2016-07-21,71.096,60.484,62.203,41.175,53.507
2016-07-22,71.589,60.778,62.31,41.421,53.748
2016-07-25,71.397,60.689,62.47,41.307,53.64
2016-07-26,71.169,60.538,62.736,41.228,53.79
2016-07-27,70.932,60.502,62.452,40.991,53.756
2016-07-28,71.27,60.52,62.55,41.079,53.582
2016-07-29,71.552,60.564,62.612,41.167,53.59
2016-08-01,71.662,60.502,62.478,41.228,53.349
2016-08-02,71.352,60.279,61.812,41.044,52.675
2016-08-03,71.069,60.369,62.096,40.736,53.083
2016-08-04,71.224,60.351,62.185,40.859,53.091
2016-08-05,71.452,60.858,62.505,40.982,53.773
2016-08-08,71.279,60.823,62.541,40.877,53.74
2016-08-09,71.461,60.778,62.487,40.965,53.79
2016-08-10,71.571,60.671,62.318,40.991,53.523
2016-08-11,71.79,60.992,62.701,41.061,53.914
2016-08-12,71.762,60.912,62.683,41.009,53.881
2016-08-15,71.562,61.081,62.816,40.947,54.247
2016-08-16,70.868,60.707,62.55,40.578,54.056
2016-08-17,71.105,60.885,62.318,40.675,54.047
2016-08-18,71.133,60.93,62.665,40.807,54.247
2016-08-19,70.896,60.921,62.718,40.666,54.214
2016-08-22,70.996,60.885,62.603,40.719,54.122
2016-08-23,71.032,61.019,62.843,40.719,54.389
2016-08-24,70.631,60.769,62.532,40.517,54.097
2016-08-25,70.595,60.769,62.736,40.526,54.023
2016-08-26,70.385,60.591,62.247,40.333,53.948
2016-08-29,70.841,60.805,62.727,40.605,54.289
2016-08-30,70.54,60.591,62.656,40.376,54.305
2016-08-31,70.485,60.431,62.203,40.359,54.255
2016-09-01,70.604,60.386,62.452,40.376,54.097
2016-09-02,70.978,60.671,62.647,40.622,54.405
2016-09-06,71.388,60.743,62.852,40.763,54.513
2016-09-07,71.197,60.751,62.896,40.736,54.63
2016-09-08,70.859,60.493,62.852,40.508,54.597
2016-09-09,68.962,59.122,61.332,39.42,53.365
2016-09-12,70.002,59.905,61.474,39.981,54.181
2016-09-13,69.026,59.211,60.94,39.411,53.557
2016-09-14,69.126,59.211,60.887,39.358,53.332
2016-09-15,69.774,59.79,61.509,39.709,54.014
2016-09-16,69.683,59.523,61.092,39.604,53.931
2016-09-19,69.783,59.594,61.518,39.692,53.964
2016-09-20,69.856,59.665,61.509,39.736,53.898
2016-09-21,70.841,60.297,61.634,40.28,54.463
2016-09-22,71.379,60.618,62.674,40.534,54.738
2016-09-23,71.06,60.235,62.398,40.359,54.513
2016-09-26,70.613,59.832,61.924,40.142,53.881
2016-09-27,71.071,60.172,62.067,40.265,54.241
2016-09-28,71.181,60.351,62.112,40.301,54.559
2016-09-29,70.586,59.824,61.996,39.921,53.948
2016-09-30,70.833,60.369,62.326,40.098,54.609
2016-10-03,70.576,60.181,61.924,39.815,54.492
2016-10-04,69.89,59.797,61.683,39.427,54.366
2016-10-05,69.844,60.02,61.746,39.339,54.843
2016-10-06,70.055,60.074,61.808,39.365,54.826
2016-10-07,69.78,59.895,61.513,39.321,54.525
2016-10-10,70.091,60.19,61.763,39.515,54.893
2016-10-11,69.222,59.528,60.951,39.021,54.174
2016-10-12,69.679,59.609,61.201,39.224,54.132
2016-10-13,69.606,59.475,60.951,39.25,53.881
2016-10-14,69.533,59.537,61.362,39.233,53.822
2016-10-17,69.405,59.439,60.888,39.144,53.689
2016-10-18,69.771,59.466,61.219,39.321,54.14
2016-10-19,69.734,59.573,61.326,39.286,54.216
2016-10-20,69.652,59.385,61.138,39.144,54.182
2016-10-21,69.707,59.287,61.04,39.039,54.015
2016-10-24,70.174,59.555,61.371,39.171,54.257
2016-10-25,69.78,59.287,61.103,39.091,54.057
2016-10-26,69.359,59.349,60.897,38.95,54.057
2016-10-27,68.91,59.117,60.62,38.677,53.847
2016-10-28,69.057,59.135,60.924,38.756,53.814
2016-10-31,69.46,59.135,60.978,38.994,53.956
2016-11-01,68.791,58.723,60.263,38.58,53.588
2016-11-02,68.315,58.428,59.933,38.518,53.404
2016-11-03,67.931,58.294,59.87,38.429,53.095
2016-11-04,67.857,58.196,59.808,38.394,53.011
2016-11-07,69.212,59.421,60.897,39.012,54.199
2016-11-08,69.716,59.707,61.299,39.268,54.349
2016-11-09,69.423,60.414,61.897,39.153,55.445
2016-11-10,68.535,60.494,61.942,38.95,56.081
2016-11-11,68.443,60.432,61.871,38.888,56.131
2016-11-14,67.885,60.271,62.165,38.836,56.708
2016-11-15,68.526,60.53,62.782,39.056,57.16
2016-11-16,68.727,60.629,62.674,39.1,56.892
2016-11-17,69.103,60.915,63.005,39.215,57.043
2016-11-18,68.91,60.807,62.826,39.109,56.926
2016-11-21,69.377,61.201,63.255,39.268,57.261
2016-11-22,69.615,61.389,63.433,39.392,57.47
2016-11-23,69.762,61.21,63.505,39.294,57.662
2016-11-25,69.881,61.46,63.773,39.506,57.854
2016-11-28,69.853,61.255,63.532,39.568,57.528
2016-11-29,70.128,61.273,63.701,39.736,57.562
2016-11-30,69.048,60.915,63.523,39.233,57.779
2016-12-01,67.748,60.709,62.96,38.906,57.863
2016-12-02,68.15,60.709,62.996,39.03,57.762
2016-12-05,68.654,60.977,63.496,39.127,58.089
2016-12-06,68.828,61.085,63.826,39.242,58.415
2016-12-07,69.725,61.89,64.586,39.727,59.352
2016-12-08,69.698,62.015,64.97,39.745,59.661
2016-12-09,69.899,62.346,64.987,40.001,59.988
2016-12-12,69.817,62.453,64.97,40.195,59.762
2016-12-13,70.393,62.901,65.3,40.398,60.105
2016-12-14,69.972,62.391,64.594,40.001,59.544
2016-12-15,70.329,62.561,64.809,40.098,59.854
2016-12-16,70.137,62.534,64.782,40.248,59.653
2016-12-19,70.375,62.659,64.907,40.38,59.77
2016-12-20,70.604,62.865,65.095,40.398,60.013
2016-12-21,70.522,62.704,65.014,40.265,59.921
2016-12-22,70.494,62.67,64.73,40.258,59.552
2016-12-23,70.623,62.715,64.864,40.32,59.711
2016-12-27,70.936,62.768,64.963,40.365,59.854
2016-12-28,70.209,62.319,64.343,40.125,59.283
2016-12-29,70.356,62.391,64.532,40.32,59.19
2016-12-30,69.804,62.13,64.496,40.187,58.98
2017-01-03,70.006,62.58,64.604,40.294,59.594
2017-01-04,70.42,62.93,65.376,40.48,60.224
2017-01-05,70.65,62.867,65.223,40.525,59.896
2017-01-06,71.055,63.083,65.448,40.578,59.838
2017-01-09,71.028,62.768,65.134,40.383,59.619
2017-01-10,70.991,62.67,65.116,40.329,59.854
2017-01-11,71.221,62.706,65.08,40.454,59.871
2017-01-12,71.138,62.634,65.223,40.445,59.653
2017-01-13,71.313,62.634,65.349,40.472,59.686
2017-01-17,71.147,62.67,65.187,40.596,59.426
2017-01-18,71.359,62.778,65.502,40.632,59.543
2017-01-19,71.276,62.463,65.053,40.409,59.291
2017-01-20,71.423,62.634,65.179,40.552,59.384
2017-01-23,71.267,62.544,65.268,40.534,59.19
2017-01-24,71.847,62.966,65.654,40.632,59.812
2017-01-25,72.435,63.497,66.139,40.765,60.51
2017-01-26,72.334,63.344,66.077,40.703,60.35
2017-01-27,72.445,63.254,65.852,40.72,60.09
2017-01-30,72.003,62.975,65.592,40.596,59.711
2017-01-31,72.003,62.849,65.511,40.694,59.728
2017-02-01,72.169,62.76,65.205,40.418,60.14
2017-02-02,72.297,62.778,65.439,40.658,60.031
2017-02-03,72.592,63.236,66.086,40.871,60.653
2017-02-06,72.555,63.164,65.942,40.756,60.602
2017-02-07,72.776,63.263,65.933,40.863,60.468
2017-02-08,72.96,63.236,66.059,41.005,60.367
2017-02-09,73.098,63.551,66.481,41.182,60.779
2017-02-10,73.328,63.856,66.84,41.334,60.972
2017-02-13,73.549,64.207,67.163,41.467,61.426
2017-02-14,73.54,64.486,67.109,41.494,61.896
2017-02-15,73.889,64.89,67.531,41.654,62.308
2017-02-16,74.018,64.962,67.415,41.831,62.283
2017-02-17,74.11,65.232,67.675,41.867,62.325
2017-02-21,74.635,65.52,68.187,42.169,62.804
2017-02-22,74.708,65.511,68.097,42.178,62.652
2017-02-23,74.524,65.7,68.061,42.4,62.526
2017-02-24,74.681,65.906,68.16,42.604,62.585
2017-02-27,74.837,65.897,68.501,42.524,62.812
2017-02-28,74.736,65.799,68.196,42.542,62.459
2017-03-01,75.518,66.662,68.941,42.818,63.291
2017-03-02,75.067,66.419,68.645,42.72,62.913
2017-03-03,75.187,66.392,68.483,42.64,63.047
2017-03-06,75.049,66.221,68.115,42.56,62.619
2017-03-07,75.049,66.05,67.891,42.489,62.249
2017-03-08,75.021,65.942,67.873,42.347,62.148
2017-03-09,75.15,65.942,67.729,42.364,62.005
2017-03-10,75.601,66.203,67.98,42.551,62.232
2017-03-13,75.868,66.212,67.989,42.622,62.131
2017-03-14,75.592,66.005,67.801,42.489,61.879
2017-03-15,76.263,66.617,68.483,42.907,62.384
2017-03-16,76.07,66.473,68.34,42.764,62.274
2017-03-17,76.254,66.464,68.411,42.889,61.997
2017-03-20,76.291,66.374,68.375,42.791,61.829
2017-03-21,75.398,65.718,67.567,42.587,60.753
2017-03-22,75.794,65.844,67.522,42.649,60.972
2017-03-23,75.647,65.763,67.585,42.622,60.921
2017-03-24,75.808,65.679,67.746,42.586,60.893
2017-03-27,75.716,65.561,67.304,42.505,60.859
2017-03-28,76.021,65.895,67.98,42.621,61.484
2017-03-29,76.242,65.832,67.845,42.612,61.645
2017-03-30,76.27,65.904,68.133,42.621,61.932
2017-03-31,76.27,65.769,68.115,42.595,61.771
2017-04-03,76.27,65.606,67.764,42.541,61.526
2017-04-04,76.224,65.588,67.719,42.559,61.569
2017-04-05,76.122,65.408,67.61,42.577,61.214
2017-04-06,76.261,65.561,67.827,42.559,61.467
2017-04-07,76.233,65.543,67.872,42.532,61.417
2017-04-10,76.214,65.543,67.899,42.595,61.484
2017-04-11,76.131,65.552,67.845,42.639,61.391
2017-04-12,75.845,65.344,67.61,42.586,61.045
2017-04-13,75.485,65.01,67.457,42.425,60.597
2017-04-17,76.279,65.498,67.899,42.702,61.045
2017-04-18,76.233,65.29,67.854,42.711,60.8
2017-04-19,76.353,65.064,67.755,42.702,60.758
2017-04-20,76.796,65.534,68.151,42.836,61.383
2017-04-21,76.777,65.417,68.097,42.809,61.112
2017-04-24,77.562,65.968,68.674,43.13,61.847
2017-04-25,78.005,66.41,69.008,43.255,62.143
2017-04-26,77.746,66.293,69.107,43.246,62.194
2017-04-27,78.115,66.347,69.107,43.291,62.219
2017-04-28,78.235,66.175,69.107,43.193,61.906
2017-05-01,78.641,66.103,68.737,43.148,61.949
2017-05-02,78.503,66.221,68.53,43.13,61.974
2017-05-03,78.281,66.13,68.476,42.978,61.873
2017-05-04,78.411,66.203,68.584,43.148,61.805
2017-05-05,78.817,66.428,69.035,43.309,62.185
2017-05-08,78.761,66.401,68.71,43.175,62.253
2017-05-09,78.734,66.392,68.629,43.068,62.295
2017-05-10,79.297,66.383,68.791,43.121,62.388
2017-05-11,79.269,66.23,68.665,43.059,62.202
2017-05-12,79.407,66.139,68.341,42.978,61.932
2017-05-15,80.016,66.519,68.818,43.184,62.27
2017-05-16,80.146,66.465,68.575,43.023,62.101
2017-05-17,78.641,65.615,67.899,42.782,60.69
2017-05-18,79.223,65.751,67.989,42.898,60.758
2017-05-19,79.703,66.094,68.404,43.059,61.214
2017-05-22,80.432,66.519,68.854,43.335,61.459
2017-05-23,80.542,66.492,68.89,43.389,61.721
2017-05-24,80.958,66.681,69.197,43.567,61.754
2017-05-25,81.604,67.07,69.566,43.889,61.966
2017-05-26,81.733,67.052,69.548,43.862,61.991
2017-05-30,81.917,67.016,69.485,43.924,61.949
2017-05-31,81.963,67.16,69.503,44.058,61.83
2017-06-01,82.545,67.621,70.233,44.362,62.439
2017-06-02,82.979,67.811,70.486,44.487,62.489
2017-06-05,82.831,67.766,70.36,44.433,62.329
2017-06-06,82.628,67.522,70.008,44.273,62.059
2017-06-07,83.126,67.576,69.99,44.38,62.244
2017-06-08,83.403,67.648,70.125,44.157,62.422
2017-06-09,82.554,67.702,70.143,44.13,62.557
2017-06-12,82.286,67.666,70.387,44.121,62.625
2017-06-13,82.969,68.018,70.747,44.264,62.844
2017-06-14,82.803,68.0,70.774,44.353,62.608
2017-06-15,82.646,67.964,70.756,44.415,62.287
2017-06-16,82.545,68.018,70.747,44.469,62.025
2017-06-19,83.781,68.515,71.099,44.647,62.625
2017-06-20,83.071,68.055,70.603,44.496,62.143
2017-06-21,83.108,67.991,70.378,44.415,62.075
2017-06-22,82.914,67.928,70.333,44.335,62.194
2017-06-23,82.766,68.046,70.296,44.344,62.244
2017-06-26,82.683,68.073,70.657,44.415,62.532
2017-06-27,81.96,67.585,70.173,44.073,62.197
2017-06-28,83.042,68.103,70.598,44.234,62.843
2017-06-29,82.274,67.313,70.019,43.795,62.494
2017-06-30,82.247,67.54,70.281,43.902,62.562
2017-07-03,82.247,67.785,70.281,43.902,63.038
2017-07-05,82.996,67.758,70.499,43.938,63.055
2017-07-06,82.478,67.204,69.711,43.57,62.418
2017-07-07,83.283,67.649,70.173,43.839,62.758
2017-07-10,83.662,67.694,70.155,43.759,62.647
2017-07-11,83.625,67.494,69.965,43.687,62.588
2017-07-12,84.384,68.039,70.453,43.974,62.953
2017-07-13,84.476,68.094,70.643,43.938,63.26
2017-07-14,84.809,68.511,70.924,44.189,63.566
2017-07-17,84.791,68.439,71.033,44.216,63.685
2017-07-18,84.726,68.539,70.897,44.18,63.506
2017-07-19,85.161,68.747,71.223,44.396,63.795
2017-07-20,85.078,68.929,71.187,44.485,63.727
2017-07-21,85.059,68.911,71.241,44.584,63.651
2017-07-24,85.106,68.738,71.322,44.485,63.651
2017-07-25,85.355,68.829,71.494,44.557,64.016
2017-07-26,85.374,68.82,71.277,44.584,63.863
2017-07-27,84.893,68.729,71.313,44.683,63.787
2017-07-28,84.902,68.23,71.259,44.665,63.787
2017-07-31,85.106,68.23,71.331,44.79,63.804
2017-08-01,85.365,68.466,71.494,44.844,63.957
2017-08-02,85.402,68.457,71.286,44.764,64.11
2017-08-03,85.3,68.339,71.259,44.755,63.897
2017-08-04,85.707,68.42,71.295,44.755,64.025
2017-08-07,86.133,68.62,71.358,44.79,64.229
2017-08-08,86.04,68.466,71.132,44.647,64.203
2017-08-09,86.096,68.411,71.078,44.701,64.118
2017-08-10,84.523,67.485,70.236,44.432,63.055
2017-08-11,84.597,67.467,70.173,44.476,63.09
2017-08-14,85.985,68.112,70.824,44.88,63.71
2017-08-15,86.003,68.112,70.716,44.934,63.719
2017-08-16,86.142,68.248,71.069,45.087,63.753
2017-08-17,84.476,67.185,70.037,44.575,62.647
2017-08-18,84.467,67.013,69.937,44.494,62.409
2017-08-21,84.384,67.167,70.019,44.665,62.392
2017-08-22,85.679,67.785,70.535,44.979,63.081
2017-08-23,85.281,67.594,70.417,44.79,62.962
2017-08-24,85.18,67.549,70.318,44.665,62.817
2017-08-25,85.217,67.694,70.607,44.808,63.098
2017-08-28,85.281,67.748,70.318,44.808,63.183
2017-08-29,85.309,67.73,70.327,44.826,63.192
2017-08-30,85.883,68.148,70.562,44.925,63.532
2017-08-31,86.355,68.548,70.861,45.131,63.94
2017-09-01,86.577,68.675,71.132,45.096,64.391
2017-09-05,85.494,68.203,70.435,44.907,63.761
2017-09-06,85.753,68.357,70.662,44.988,64.127
2017-09-07,85.281,68.566,70.562,45.087,63.974
2017-09-08,85.318,68.638,70.788,45.239,63.821
2017-09-11,86.401,69.301,71.576,45.58,64.595
2017-09-12,86.817,69.519,71.766,45.58,65.071
2017-09-13,86.928,69.419,71.576,45.445,65.19
2017-09-14,86.808,69.474,71.612,45.454,65.096
2017-09-15,87.243,69.756,71.739,45.472,65.335
2017-09-18,87.826,69.973,71.874,45.517,65.403
2017-09-19,88.029,70.082,71.838,45.401,65.386
2017-09-20,88.011,69.955,71.766,45.356,65.36
2017-09-21,87.761,69.756,71.693,45.167,65.249
2017-09-22,87.798,69.983,71.802,45.194,65.369
2017-09-25,86.975,70.055,71.802,45.185,65.496
2017-09-26,86.999,70.137,71.898,45.148,65.683
2017-09-27,88.14,70.374,71.998,45.166,66.094
2017-09-28,88.233,70.301,71.98,45.229,66.026
2017-09-29,88.78,70.365,72.234,45.365,66.163
2017-10-02,89.142,70.767,72.626,45.509,66.762
2017-10-03,89.421,70.94,72.726,45.59,67.121
2017-10-04,89.448,71.068,72.853,45.689,67.078
2017-10-05,89.996,71.515,73.09,45.842,67.421
2017-10-06,90.089,71.378,72.999,45.779,67.258
2017-10-09,89.977,71.451,72.835,45.68,67.147
2017-10-10,90.144,71.752,72.935,45.797,67.455
2017-10-11,90.265,71.925,72.999,45.878,67.498
2017-10-12,89.996,71.934,73.163,45.95,67.181
2017-10-13,90.191,71.98,73.236,45.986,67.403
2017-10-16,90.692,71.962,73.236,45.941,67.446
2017-10-17,90.729,72.053,73.236,46.049,67.446
2017-10-18,90.961,72.144,73.336,46.067,67.566
2017-10-19,91.239,72.263,73.445,46.284,67.498
2017-10-20,92.186,72.591,73.855,46.446,67.951
2017-10-23,91.991,72.472,73.755,46.41,67.908
2017-10-24,92.52,72.5,73.746,46.302,68.199
2017-10-25,91.963,72.299,73.436,46.239,67.737
2017-10-26,92.13,72.418,73.645,46.257,67.857
2017-10-27,93.262,72.591,73.618,46.464,68.011
2017-10-30,93.002,72.354,73.272,46.203,67.78
2017-10-31,93.253,72.418,73.436,46.248,67.891
2017-11-01,93.039,72.454,73.463,46.203,68.088
2017-11-02,93.401,72.591,73.445,46.32,68.208
2017-11-03,93.856,72.719,73.563,46.374,68.362
2017-11-06,94.004,72.81,73.746,46.284,68.49
2017-11-07,93.735,72.7,73.664,46.482,68.276
2017-11-08,93.689,72.956,73.827,46.617,68.439
2017-11-09,92.974,72.682,73.682,46.527,68.242
2017-11-10,93.243,72.773,73.554,46.482,68.328
2017-11-13,93.475,72.837,73.818,46.635,68.379
2017-11-14,93.318,72.865,73.791,46.725,68.079
2017-11-15,93.002,72.436,73.645,46.41,67.823
2017-11-16,93.884,72.983,74.137,46.707,68.807
2017-11-17,93.54,72.992,74.137,46.545,68.721
2017-11-20,93.986,73.129,74.237,46.581,68.961
2017-11-21,94.691,73.585,74.483,46.852,69.346
2017-11-22,94.301,73.43,74.383,46.716,69.354
2017-11-24,94.477,73.558,74.474,46.824,69.363
2017-11-27,94.292,73.54,74.565,46.924,69.098
2017-11-28,95.442,74.333,75.311,47.275,69.928
2017-11-29,94.941,74.47,75.648,47.365,70.321
2017-11-30,95.86,75.027,76.085,47.672,70.715
2017-12-01,95.266,75.054,75.985,47.627,70.535
2017-12-04,94.069,75.109,76.203,47.5,70.869
2017-12-05,93.976,74.917,75.621,47.347,70.45
2017-12-06,94.19,74.871,75.512,47.383,70.27
2017-12-07,94.802,75.163,75.803,47.428,70.544
2017-12-08,95.35,75.51,76.085,47.627,71.074
2017-12-11,95.452,75.647,76.167,47.681,71.425
2017-12-12,95.526,75.683,76.331,47.699,71.434
2017-12-13,95.461,75.72,76.249,47.789,71.365
2017-12-14,94.979,75.41,75.766,47.581,70.878
2017-12-15,96.036,75.975,76.349,48.014,71.562
2017-12-18,96.788,76.431,76.777,48.095,72.426
2017-12-19,96.435,76.285,76.558,47.825,72.212
2017-12-20,96.417,76.258,76.44,47.708,72.426
2017-12-21,96.34,76.21,76.35,47.677,72.548
2017-12-22,96.322,76.155,76.487,47.695,72.487
2017-12-26,96.071,76.174,76.505,47.704,72.315
2017-12-27,96.322,76.256,76.551,47.822,72.212
2017-12-28,96.517,76.348,76.624,47.894,72.367
2017-12-29,95.978,75.963,76.596,47.785,71.928
2018-01-02,96.731,76.311,76.596,47.767,72.883
2018-01-03,97.699,76.852,76.943,47.867,72.969
2018-01-04,98.518,77.2,77.08,48.057,73.373
2018-01-05,99.309,77.704,77.701,48.302,73.709
2018-01-08,99.588,77.942,77.829,48.383,73.855
2018-01-09,99.961,78.18,78.012,48.41,73.847
2018-01-10,99.858,78.034,77.637,48.175,73.855
2018-01-11,100.538,78.446,78.277,48.32,74.767
2018-01-12,101.496,79.014,78.496,48.465,75.335
2018-01-16,101.273,78.739,78.076,48.428,75.051
2018-01-17,102.957,79.839,78.98,48.881,75.773
2018-01-18,102.846,79.61,78.624,48.79,75.687
2018-01-19,103.451,80.114,79.199,48.999,75.859
2018-01-22,104.083,80.535,79.51,49.306,76.41
2018-01-23,104.214,80.554,79.902,49.388,76.427
2018-01-24,103.981,80.343,79.893,49.415,76.203
2018-01-25,104.214,80.361,79.994,49.66,75.825
2018-01-26,105.684,81.195,80.532,50.076,76.892
2018-01-29,104.884,80.48,80.35,49.696,76.496
2018-01-30,103.274,79.619,79.418,49.406,75.335
2018-01-31,103.869,79.436,79.245,49.451,75.068
2018-02-01,103.767,79.5,79.382,49.316,74.922
2018-02-02,101.375,77.86,78.03,48.492,72.969
2018-02-05,97.038,74.882,75.318,46.744,70.165
2018-02-06,99.393,76.045,75.82,47.043,71.816
2018-02-07,99.058,75.77,76.24,46.898,71.705
2018-02-08,94.87,73.141,74.404,45.486,69.038
2018-02-09,96.759,74.341,74.715,46.237,69.881
2018-02-12,98.453,75.23,75.126,46.69,70.931
2018-02-13,98.881,75.505,75.226,46.835,71.206
2018-02-14,100.696,76.494,75.098,47.224,72.281
2018-02-15,101.943,77.438,77.007,47.813,72.995
2018-02-16,101.841,77.484,77.318,47.967,72.978
2018-02-20,101.822,77.053,76.587,47.478,72.393
2018-02-21,101.338,76.549,77.162,47.152,71.954
2018-02-22,101.506,76.577,76.149,47.197,72.049
2018-02-23,103.097,77.823,77.08,47.867,73.236
2018-02-26,104.307,78.703,77.911,48.292,74.182
2018-02-27,103.33,77.823,77.108,47.731,73.348
2018-02-28,102.352,77.127,76.14,47.351,72.591
2018-03-01,100.519,76.146,75.272,46.826,71.601
2018-03-02,100.845,76.614,75.299,47.061,71.971
2018-03-05,102.045,77.356,76.651,47.595,72.72
2018-03-06,102.343,77.722,76.925,47.659,72.986
2018-03-07,102.585,77.621,77.062,47.686,72.789
2018-03-08,103.032,78.107,77.254,47.958,72.943
2018-03-09,105.051,79.417,78.286,48.519,74.156
2018-03-12,104.986,79.408,78.258,48.392,74.165
2018-03-13,104.195,79.033,78.03,48.338,73.958
2018-03-14,103.637,78.492,77.592,48.13,73.442
2018-03-15,103.73,78.51,77.464,48.084,73.253
2018-03-16,103.851,78.703,77.984,48.22,73.589
2018-03-19,102.669,77.704,77.446,47.84,72.651
2018-03-20,103.451,78.025,77.254,47.894,72.763
2018-03-21,103.088,77.896,77.309,47.677,72.634
2018-03-22,99.714,75.878,75.859,46.79,70.925
2018-03-23,97.214,74.184,74.494,46.108,69.177
2018-03-26,100.516,76.283,75.603,47.027,71.219
2018-03-27,97.83,75.151,74.659,46.636,70.051
2018-03-28,97.232,75.022,75.089,46.763,69.947
2018-03-29,98.818,76.126,75.942,47.227,70.942
2018-04-02,95.702,74.304,74.347,46.435,69.342
2018-04-03,96.831,75.353,74.924,46.936,70.371
2018-04-04,97.951,76.292,75.099,47.418,71.21
2018-04-05,98.79,76.642,76.272,47.645,71.625
2018-04-06,96.206,74.911,74.329,46.827,70.12
2018-04-09,96.607,75.096,75.548,46.99,70.345
2018-04-10,98.781,76.375,75.759,47.436,71.617
2018-04-11,98.072,75.915,75.511,47.218,71.253
2018-04-12,99.621,76.43,75.96,47.299,72.014
2018-04-13,98.632,76.145,75.594,47.327,71.738
2018-04-16,99.313,76.743,76.428,47.809,72.421
2018-04-17,100.964,77.387,77.097,48.218,72.949
2018-04-18,101.197,77.111,77.207,48.2,73.104
2018-04-19,101.002,76.228,76.529,47.854,72.386
2018-04-20,100.339,75.565,76.162,47.509,71.66
2018-04-23,100.069,75.482,76.18,47.572,71.738
2018-04-24,98.259,74.599,75.319,47.163,71.175
2018-04-25,98.408,74.727,75.548,47.163,71.573
2018-04-26,99.994,75.501,76.116,47.572,71.876
2018-04-27,100.05,75.602,76.199,47.618,71.859
2018-04-30,99.313,75.132,75.887,47.327,71.219
2018-05-01,99.929,75.169,75.548,47.254,71.253
2018-05-02,99.042,74.921,75.346,46.79,70.855
2018-05-03,99.257,74.939,74.805,46.808,70.44
2018-05-04,100.302,75.859,75.713,47.309,71.348
2018-05-07,101.104,76.034,75.731,47.345,71.374
2018-05-08,101.533,76.117,75.667,47.281,71.452
2018-05-09,102.867,76.761,76.189,47.481,72.032
2018-05-10,103.576,77.378,76.666,47.945,72.741
2018-05-11,103.651,77.59,76.804,48.045,72.957
2018-05-14,103.67,77.507,77.134,47.945,73.156
2018-05-15,103.007,77.001,76.244,47.609,72.94
2018-05-16,103.437,77.406,76.474,47.681,73.563
2018-05-17,103.175,77.489,76.675,47.572,73.563
2018-05-18,103.007,77.341,76.602,47.554,73.078
2018-05-21,104.024,77.746,77.189,47.872,73.666
2018-05-22,103.614,77.489,76.969,47.645,73.571
2018-05-23,104.052,77.811,77.051,47.909,73.502
2018-05-24,103.996,77.783,77.014,47.891,73.433
2018-05-25,103.698,77.544,76.987,47.872,73.165
2018-05-29,102.382,76.78,76.217,47.581,72.291
2018-05-30,103.772,77.783,77.152,48.163,73.087
2018-05-31,102.737,77.157,76.419,47.8,72.628
2018-06-01,104.37,78.004,77.042,48.018,73.467
2018-06-04,105.116,78.473,77.253,48.263,73.822
2018-06-05,105.61,78.593,77.326,48.245,73.969
2018-06-06,106.627,79.293,77.803,48.5,74.592
2018-06-07,105.704,79.21,77.959,48.536,74.748
2018-06-08,106.058,79.449,78.316,48.782,74.86
2018-06-11,105.965,79.339,78.417,48.773,75.033
2018-06-12,106.263,79.458,78.573,48.864,74.981
2018-06-13,106.235,79.007,78.243,48.645,74.687
2018-06-14,106.683,79.109,78.463,48.827,74.661
2018-06-15,106.385,79.247,78.261,48.991,74.549
2018-06-18,106.497,79.007,78.426,48.818,74.315
2018-06-19,105.797,78.704,78.206,48.745,73.9
2018-06-20,106.375,78.621,78.325,48.718,74.021
2018-06-21,105.396,78.022,77.867,48.582,73.493
2018-06-22,104.631,78.078,78.307,48.755,73.476
2018-06-25,102.28,77.084,77.574,48.564,72.43
2018-06-26,102.757,77.173,77.728,48.519,72.533
2018-06-27,101.325,76.424,76.962,48.171,71.968
2018-06-28,102.467,76.97,77.312,48.528,72.037
2018-06-29,102.663,77.155,77.765,48.61,71.855
2018-07-02,103.103,77.173,77.257,48.683,72.011
2018-07-03,102.261,77.053,77.432,48.711,71.62
2018-07-05,102.954,77.682,78.014,49.095,72.255
2018-07-06,103.889,78.348,78.595,49.351,72.777
2018-07-09,105.078,78.976,78.909,49.415,73.751
2018-07-10,105.34,79.272,79.241,49.689,73.925
2018-07-11,104.788,78.699,78.853,49.589,72.933
2018-07-12,106.248,79.337,79.25,49.909,73.507
2018-07-13,106.089,79.429,79.25,49.927,73.49
2018-07-16,106.154,79.069,78.992,49.781,73.429
2018-07-17,106.725,79.586,79.352,49.945,73.62
2018-07-18,106.996,79.753,79.342,49.945,73.846
2018-07-19,106.266,79.605,79.508,49.954,73.681
2018-07-20,106.36,79.448,79.296,49.918,73.403
2018-07-23,106.557,79.439,79.241,49.835,73.586
2018-07-24,106.472,79.781,79.112,49.899,73.672
2018-07-25,107.895,80.585,79.656,50.293,74.003
2018-07-26,107.567,80.52,80.016,50.357,74.255
2018-07-27,105.948,80.021,79.591,50.137,73.855
2018-07-30,104.086,79.485,79.241,49.845,74.012
2018-07-31,104.47,80.021,79.822,50.21,74.307
2018-08-01,104.685,79.808,79.721,50.082,74.229
2018-08-02,105.77,80.086,79.767,50.274,74.699
2018-08-03,105.799,80.456,80.154,50.549,75.264
2018-08-06,106.351,80.705,80.394,50.686,75.447
2018-08-07,106.856,81.047,80.468,50.768,75.647
2018-08-08,107.043,80.946,80.357,50.768,75.673
2018-08-09,107.062,80.761,80.293,50.777,75.525
2018-08-10,106.529,80.243,79.868,50.604,74.908
2018-08-13,106.042,79.938,79.665,50.476,74.534
2018-08-14,106.791,80.483,80.034,50.759,75.073
2018-08-15,105.377,80.123,79.868,50.732,74.447
2018-08-16,106.163,80.761,80.376,51.125,75.369
2018-08-17,106.238,81.112,80.809,51.417,75.873
2018-08-20,106.8,81.463,81.188,51.509,76.221
2018-08-21,107.146,81.611,81.335,51.417,76.543
2018-08-22,107.605,81.611,81.068,51.28,76.291
2018-08-23,107.736,81.639,80.736,51.289,76.03
2018-08-24,108.934,82.083,81.317,51.582,76.325
2018-08-27,109.823,82.619,81.511,51.646,77.021
2018-08-28,109.963,82.601,81.566,51.646,77.169
2018-08-29,110.918,83.081,81.981,51.865,77.36
2018-08-30,110.375,82.702,81.465,51.655,77.047
2018-08-31,110.599,83.007,81.391,51.747,76.986
2018-09-04,110.964,82.915,81.594,51.719,76.839
2018-09-05,109.065,82.915,81.686,51.801,76.839
2018-09-06,109.13,82.813,81.64,52.057,76.23
2018-09-07,108.812,82.527,81.326,51.884,75.943
2018-09-10,109.196,82.73,81.603,51.993,75.925
2018-09-11,109.776,82.924,81.815,52.048,76.047
2018-09-12,109.926,82.961,81.778,52.14,76.082
2018-09-13,110.553,83.442,82.277,52.414,76.578
2018-09-14,110.74,83.571,82.341,52.423,76.717
2018-09-17,109.411,83.174,82.101,52.332,76.395
2018-09-18,110.581,83.562,82.304,52.506,76.804
2018-09-19,110.122,83.553,82.11,52.222,77.021
2018-09-20,110.852,84.191,82.701,52.533,77.682
2018-09-21,110.74,84.376,82.756,52.652,77.613
2018-09-24,110.955,83.987,82.12,52.277,77.23
2018-09-25,111.329,83.775,81.88,52.222,76.873
2018-09-26,111.156,83.624,81.436,52.041,76.591
2018-09-27,111.465,83.773,81.482,52.142,76.766
2018-09-28,111.616,83.894,81.659,52.39,76.836
2018-10-01,112.197,84.209,81.408,52.381,77.089
2018-10-02,111.7,84.274,81.64,52.399,77.177
2018-10-03,112.066,84.237,81.39,52.206,77.649
2018-10-04,110.284,83.485,80.73,51.968,77.151
2018-10-05,109.167,82.891,80.73,51.995,76.573
2018-10-08,108.154,82.872,80.749,52.078,76.713
2018-10-09,108.183,82.715,80.582,52.133,76.311
2018-10-10,103.333,79.883,78.474,50.82,74.299
2018-10-11,101.354,78.026,77.091,49.699,72.576
2018-10-12,103.924,79.159,77.341,50.167,73.372
2018-10-15,102.621,78.751,77.657,50.177,72.979
2018-10-16,105.66,80.208,78.381,51.095,74.369
2018-10-17,105.631,80.162,78.678,51.104,74.256
2018-10-18,103.512,79.122,77.796,50.783,73.154
2018-10-19,102.358,78.751,78.056,50.875,73.092
2018-10-22,102.696,78.611,77.499,50.7,72.804
2018-10-23,101.636,78.101,76.933,50.553,72.489
2018-10-24,97.79,75.687,75.419,49.791,69.935
2018-10-25,100.576,76.829,76.209,50.085,71.387
2018-10-26,98.353,75.78,75.735,49.433,70.46
2018-10-29,96.993,75.631,74.37,49.469,70.504
2018-10-30,98.559,76.847,75.819,50.167,71.623
2018-10-31,100.613,77.544,77.286,50.268,72.296
2018-11-01,102.367,78.435,77.657,50.425,73.346
2018-11-02,101.664,77.934,77.369,50.333,72.506
2018-11-05,102.236,78.398,78.001,50.755,73.031
2018-11-06,102.489,78.908,78.288,51.077,73.442
2018-11-07,105.538,80.524,79.523,51.913,74.737
2018-11-08,105.341,80.431,79.523,51.94,74.518
2018-11-09,103.887,79.697,78.901,51.913,73.565
2018-11-12,101.101,78.221,78.056,51.325,72.13
2018-11-13,100.923,78.026,78.242,51.224,71.938
2018-11-14,99.957,77.414,77.666,50.957,71.089
2018-11-15,101.411,78.249,78.093,51.279,71.658
2018-11-16,100.82,78.156,78.4,51.554,71.798
2018-11-19,97.518,76.801,77.648,51.077,70.932
2018-11-20,95.821,75.492,76.868,50.406,69.218
2018-11-21,96.214,75.464,77.295,50.37,69.576
2018-11-23,95.539,74.926,77.035,50.25,69.095
2018-11-26,97.668,75.891,77.611,50.673,70.197
2018-11-27,97.968,76.049,77.704,50.829,70.337
2018-11-28,101.336,77.869,78.762,51.683,71.815
2018-11-29,100.904,77.507,78.901,51.655,71.439
2018-11-30,102.039,78.259,79.43,51.894,71.868
2018-12-03,103.333,79.159,80.229,52.344,72.743
2018-12-04,100.248,76.736,77.666,51.417,70.101
2018-12-06,100.585,76.718,77.573,51.389,69.778
2018-12-07,97.659,74.954,75.754,50.618,67.958
2018-12-10,98.381,75.186,75.633,50.774,67.556
2018-12-11,98.55,75.232,75.503,50.829,67.399
2018-12-12,99.16,75.622,76.042,50.884,67.915
2018-12-13,99.328,75.668,75.559,50.976,67.6
2018-12-14,97.068,73.988,74.491,50.278,66.848
2018-12-17,94.626,72.376,72.85,49.205,65.616
2018-12-18,94.729,72.478,72.775,49.03,65.554
2018-12-19,93.524,71.265,71.609,48.605,64.383
2018-12-20,91.707,70.211,70.369,47.922,63.018
2018-12-21,89.795,68.746,69.081,47.275,62.031
2018-12-24,87.376,67.103,67.309,45.964,60.463
2018-12-26,92.253,70.248,70.406,47.534,63.097
2018-12-27,93.147,71.069,70.714,48.051,63.599
2018-12-28,93.119,70.892,70.775,47.998,63.493
2018-12-31,94.371,71.629,71.55,48.423,63.925
2019-01-02,93.741,71.592,71.41,47.998,64.585
2019-01-03,91.151,69.791,70.084,47.296,63.361
2019-01-04,94.202,72.254,72.484,48.331,65.581
2019-01-07,95.106,72.693,73.352,48.488,66.338
2019-01-08,96.283,73.477,74.099,48.904,66.788
2019-01-09,96.848,73.887,74.669,48.913,67.228
2019-01-10,96.979,74.223,75.173,49.283,67.44
2019-01-11,97.045,74.009,75.192,49.292,67.88
2019-01-14,96.198,73.617,74.846,48.932,67.475
2019-01-15,97.714,74.289,75.257,49.421,67.704
2019-01-16,97.563,74.354,75.593,49.412,67.88
2019-01-17,98.307,75.026,76.228,49.745,68.408
2019-01-18,99.343,76.034,77.377,50.299,69.457
2019-01-22,98.251,74.951,76.21,49.948,68.364
2019-01-23,98.552,74.998,76.219,50.235,68.303
2019-01-24,98.26,75.063,76.639,50.115,68.805
2019-01-25,98.9,75.884,77.498,50.29,69.492
2019-01-28,97.912,75.362,77.209,50.179,69.157
2019-01-29,97.507,75.399,77.265,50.262,69.166
2019-01-30,99.55,76.351,78.161,50.798,69.73
2019-01-31,100.463,77.536,78.787,51.159,70.214
2019-02-01,100.652,77.881,79.02,51.279,70.452
2019-02-04,100.84,78.395,79.403,51.639,70.646
2019-02-05,101.0,78.908,79.758,51.787,70.716
2019-02-06,101.075,78.768,79.674,51.713,70.937
2019-02-07,100.623,77.984,79.225,51.602,69.941
2019-02-08,101.009,78.189,79.197,51.815,69.677
2019-02-11,101.009,78.273,79.524,51.824,69.783
2019-02-12,102.064,79.169,80.654,52.194,70.716
2019-02-13,102.111,79.617,80.934,52.314,71.148
2019-02-14,101.989,79.468,80.766,52.166,70.981
2019-02-15,103.062,80.28,81.578,52.702,71.861
2019-02-19,103.137,80.28,81.728,52.813,72.143
2019-02-20,103.1,80.606,81.905,52.859,72.302
2019-02-21,103.297,80.168,81.597,52.887,71.87
2019-02-22,104.032,80.951,82.176,53.173,72.24
2019-02-25,103.834,81.017,82.167,53.026,72.443
2019-02-26,103.834,80.998,82.027,52.998,72.32
2019-02-27,103.608,81.11,82.12,52.989,71.985
2019-02-28,103.872,80.914,81.933,53.118,71.544
2019-03-01,104.389,81.502,82.465,53.395,71.791
2019-03-04,103.589,81.287,81.98,53.109,71.289
2019-03-05,103.542,81.194,81.756,53.099,70.972
2019-03-06,102.968,80.895,81.065,52.896,70.109
2019-03-07,102.346,80.242,80.383,52.656,69.501
2019-03-08,102.054,80.093,80.178,52.61,69.43
2019-03-11,103.391,81.325,81.224,53.21,70.426
2019-03-12,103.815,81.661,81.578,53.349,70.602
2019-03-13,104.408,82.099,81.999,53.626,71.007
2019-03-14,104.427,82.071,81.868,53.58,70.804
2019-03-15,105.011,82.435,82.111,53.765,71.227
2019-03-18,105.039,82.538,82.493,53.802,71.571
2019-03-19,105.265,82.491,82.297,53.682,71.624
2019-03-20,104.936,82.326,81.808,53.483,70.748
2019-03-21,106.071,83.141,82.837,54.17,71.768
2019-03-22,104.87,81.624,81.097,53.752,70.153
2019-03-25,104.983,81.595,81.068,53.817,69.834
2019-03-26,105.674,82.336,81.752,54.216,70.446
2019-03-27,105.154,81.98,81.405,54.068,70.091
2019-03-28,105.38,82.364,81.873,54.253,70.242
2019-03-29,106.071,82.963,82.351,54.559,70.863
2019-04-01,106.439,83.825,83.436,54.754,72.079
2019-04-02,106.241,83.9,83.427,54.717,71.768
2019-04-03,106.194,83.985,83.726,54.68,72.221
2019-04-04,105.957,84.181,83.895,54.717,72.638
2019-04-05,106.402,84.612,84.466,54.958,73.037
2019-04-08,106.468,84.715,84.419,54.949,73.09
2019-04-09,106.298,84.247,83.773,54.791,72.345
2019-04-10,106.61,84.612,84.316,54.921,72.789
2019-04-11,106.298,84.669,84.466,54.903,72.833
2019-04-12,106.647,85.409,85.14,55.144,73.099
2019-04-15,106.912,85.409,84.952,55.218,72.913
2019-04-16,106.241,85.549,84.943,54.893,73.419
2019-04-17,105.343,85.287,84.382,54.559,73.454
2019-04-18,105.57,85.203,84.597,54.652,73.587
2019-04-22,105.57,85.203,84.485,54.587,73.357
2019-04-23,106.411,86.149,85.299,55.051,73.862
2019-04-24,106.591,86.093,85.28,55.116,73.481
2019-04-25,107.101,85.802,84.728,55.079,72.824
2019-04-26,107.952,86.093,85.233,55.376,72.877
2019-04-29,107.773,86.083,85.233,55.237,73.108
2019-04-30,108.463,86.111,85.495,55.747,73.286
2019-05-01,107.631,85.362,84.653,55.19,72.886
2019-05-02,107.584,85.231,84.578,55.2,72.753
2019-05-03,108.349,85.886,85.439,55.422,73.499
2019-05-06,108.283,85.559,84.999,55.395,73.17
2019-05-07,106.695,84.097,83.577,54.764,72.008
2019-05-08,106.629,84.05,83.492,54.745,71.635
2019-05-09,106.468,83.778,83.315,54.745,71.245
2019-05-10,107.376,84.163,83.661,55.163,71.449
2019-05-13,105.73,82.111,81.555,54.532,69.461
2019-05-14,106.279,82.767,82.351,54.764,70.304
2019-05-15,106.733,83.441,82.631,54.996,70.562
2019-05-16,107.914,84.088,83.287,55.497,70.801
2019-05-17,107.612,83.629,82.706,55.422,70.26
2019-05-20,107.253,83.038,82.154,55.339,69.798
2019-05-21,107.867,83.769,83.053,55.719,70.579
2019-05-22,108.217,83.516,82.678,55.877,69.781
2019-05-23,107.48,82.42,81.527,55.617,68.92
2019-05-24,107.64,82.467,81.686,55.654,69.08
2019-05-28,106.751,81.755,80.984,55.07,68.148
2019-05-29,106.071,81.127,80.395,54.764,67.766
2019-05-30,106.884,81.333,80.488,55.051,67.616
2019-05-31,106.08,80.443,79.58,54.847,66.249
2019-06-03,105.362,80.19,79.908,55.144,66.852
2019-06-04,107.413,82.083,81.845,55.719,68.805
2019-06-05,109.219,82.832,82.444,56.48,68.734
2019-06-06,110.07,83.357,82.744,56.861,69.062
2019-06-07,111.498,84.35,83.371,57.204,69.488
2019-06-10,111.734,84.678,83.745,57.148,70.002
2019-06-11,111.318,84.743,83.623,56.972,70.118
2019-06-12,111.63,84.603,83.464,57.213,69.674
2019-06-13,111.82,84.95,83.96,57.26,70.278
2019-06-14,111.602,84.669,83.698,57.445,69.896
2019-06-17,111.52,84.654,83.655,57.329,69.79
2019-06-18,112.364,85.502,84.539,57.524,70.801
2019-06-19,113.171,85.813,84.906,57.851,70.926
2019-06-20,114.329,86.839,85.696,58.271,71.337
2019-06-21,113.665,86.594,85.404,58.075,71.221
2019-06-24,113.636,86.331,84.925,58.131,70.926
2019-06-25,112.326,85.596,84.295,57.786,70.756
2019-06-26,111.719,85.417,84.201,57.142,71.23
2019-06-27,112.099,85.7,84.812,57.357,71.802
2019-06-28,112.573,86.133,85.573,57.58,72.589
2019-07-01,113.75,86.848,86.109,57.823,73.018
2019-07-02,114.519,87.065,86.053,58.252,72.857
2019-07-03,115.686,87.903,86.871,58.877,73.286
2019-07-05,115.259,87.715,86.758,58.756,73.322
2019-07-08,114.69,87.197,86.241,58.644,72.947
2019-07-09,115.05,87.338,86.382,58.746,72.875
2019-07-10,115.648,87.705,86.439,59.017,73.099
2019-07-11,115.867,87.903,86.542,59.026,73.349
2019-07-12,116.256,88.214,87.228,59.157,74.136
2019-07-15,116.503,88.308,87.106,59.259,74.118
2019-07-16,115.99,88.016,86.965,59.101,73.939
2019-07-17,115.516,87.413,86.354,58.933,73.277
2019-07-18,116.227,87.781,86.636,59.203,73.706
2019-07-19,115.278,87.131,86.288,58.662,73.644
2019-07-22,115.829,87.404,86.288,58.672,73.662
2019-07-23,116.076,88.016,87.022,58.858,74.368
2019-07-24,116.427,88.468,87.67,58.84,75.271
2019-07-25,116.009,88.054,87.069,58.868,74.761
2019-07-26,116.787,88.609,87.595,59.306,74.976
2019-07-29,116.607,88.581,87.294,59.39,74.905
2019-07-30,116.37,88.233,87.266,59.119,74.681
2019-07-31,114.595,87.319,86.608,58.541,73.751
2019-08-01,114.424,86.519,85.461,58.457,72.741
2019-08-02,113.238,85.718,84.642,58.383,72.035
2019-08-05,109.754,82.997,82.16,57.011,70.005
2019-08-06,111.738,84.231,83.166,57.907,70.676
2019-08-07,112.07,84.297,83.335,58.177,70.586
2019-08-08,114.405,86.095,84.821,59.157,71.659
2019-08-09,114.044,85.361,84.05,58.989,70.676
2019-08-12,112.64,84.41,82.79,58.523,69.755
2019-08-13,114.31,85.803,83.89,59.036,70.729
2019-08-14,111.168,83.157,81.445,57.739,68.288
2019-08-15,111.643,83.44,81.436,58.196,68.101
2019-08-16,113.19,84.673,82.668,58.746,69.317
2019-08-19,114.272,85.69,83.664,59.25,70.255
2019-08-20,113.665,85.031,83.053,58.858,69.513
2019-08-21,114.709,85.737,83.712,59.259,70.22
2019-08-22,114.585,85.747,83.674,59.371,70.336
2019-08-23,111.662,83.346,81.445,58.271,68.342
2019-08-26,113.105,84.297,82.103,58.858,68.905
2019-08-27,113.2,84.259,81.774,58.793,68.181
2019-08-28,113.722,84.805,82.32,59.073,68.959
2019-08-29,115.069,85.822,83.448,59.558,70.041
2019-08-30,114.899,85.766,83.617,59.474,70.416
2019-09-03,114.291,85.135,82.987,59.549,70.05
2019-09-04,115.658,86.095,83.937,60.052,71.114
2019-09-05,116.778,87.479,85.113,60.183,72.517
2019-09-06,116.74,87.592,85.207,60.341,72.759
2019-09-09,114.804,87.413,85.583,59.847,74.055
2019-09-10,113.105,87.329,85.837,59.353,75.101
2019-09-11,113.598,87.8,86.542,59.549,75.834
2019-09-12,114.652,88.082,86.683,59.81,75.629
2019-09-13,113.997,87.941,86.674,59.539,75.682
2019-09-16,113.475,87.545,86.862,59.427,75.307
2019-09-17,114.49,87.884,86.909,59.931,75.101
2019-09-18,114.633,87.931,86.768,59.987,74.753
2019-09-19,114.756,87.8,86.57,60.08,74.636
2019-09-20,114.32,87.31,86.147,59.931,74.466
2019-09-23,114.396,87.498,86.166,60.015,74.413
2019-09-24,113.619,86.89,85.347,59.918,73.556
2019-09-25,113.867,87.41,85.942,59.984,74.195
2019-09-26,114.095,87.193,85.725,60.096,73.826
2019-09-27,112.905,86.805,85.253,59.778,73.493
2019-09-30,113.591,87.354,85.706,60.059,73.835
2019-10-01,112.371,86.247,84.413,59.553,72.584
2019-10-02,110.371,84.763,82.883,58.729,71.081
2019-10-03,111.581,85.519,83.516,59.122,71.468
2019-10-04,113.391,86.786,84.526,59.993,72.215
2019-10-07,112.781,86.351,84.167,59.665,71.963
2019-10-08,110.704,84.933,82.638,59.01,70.685
2019-10-09,111.943,85.718,83.336,59.412,71.324
2019-10-10,112.343,86.295,83.903,59.684,72.053
2019-10-11,113.238,87.571,85.074,59.75,73.25
2019-10-14,113.038,87.58,84.856,59.665,73.187
2019-10-15,113.638,88.337,85.64,59.815,74.195
2019-10-16,112.991,88.129,85.385,59.843,73.925
2019-10-17,113.286,88.412,85.716,59.993,73.97
2019-10-18,112.648,87.94,85.602,60.04,73.925
2019-10-21,113.21,88.526,86.197,60.171,74.528
2019-10-22,111.838,88.252,86.046,59.656,74.978
2019-10-23,111.781,88.299,86.329,59.74,75.014
2019-10-24,113.048,88.734,86.518,59.75,74.816
2019-10-25,113.372,89.188,86.867,59.506,75.914
2019-10-28,113.905,89.632,87.217,59.497,76.661
2019-10-29,113.981,89.49,87.311,59.694,76.634
2019-10-30,114.8,89.632,87.321,60.022,76.4
2019-10-31,114.324,89.282,86.83,59.918,75.932
2019-11-01,114.762,90.19,87.878,59.947,77.174
2019-11-04,114.095,90.53,88.35,59.516,78.209
2019-11-05,113.41,90.445,88.293,59.225,78.452
2019-11-06,113.819,90.464,88.199,59.553,78.353
2019-11-07,113.953,90.766,88.378,59.516,78.776
2019-11-08,114.724,90.955,88.576,59.497,79.001
2019-11-11,114.8,90.814,88.482,59.384,78.821
2019-11-12,115.162,90.993,88.567,59.422,78.866
2019-11-13,116.048,91.249,88.501,59.769,78.398
2019-11-14,115.934,91.438,88.689,59.909,78.407
2019-11-15,116.42,92.137,89.341,60.2,79.181
2019-11-18,116.639,92.156,89.322,60.349,79.163
2019-11-19,117.372,92.26,89.379,60.424,78.56
2019-11-20,117.039,91.835,89.152,60.368,77.975
2019-11-21,116.277,91.712,88.888,60.078,78.029
2019-11-22,116.372,91.939,89.209,60.125,78.407
2019-11-25,117.182,92.742,90.011,60.265,79.181
2019-11-26,118.096,93.054,90.2,60.743,78.884
2019-11-27,118.525,93.536,90.597,60.921,79.181
2019-11-29,118.087,93.262,90.115,60.752,78.74
2019-12-02,116.705,92.506,89.275,60.331,78.245
2019-12-03,116.791,91.882,88.671,60.19,77.3
2019-12-04,117.334,92.553,89.171,60.481,77.858
2019-12-05,117.544,92.818,89.294,60.584,78.038
2019-12-06,117.829,93.593,90.077,60.827,78.812
2019-12-09,117.458,93.432,89.794,60.687,78.551
2019-12-10,117.267,93.309,89.69,60.621,78.479
2019-12-11,117.544,93.65,89.87,60.612,78.749
2019-12-12,117.648,94.349,90.7,60.762,79.955
2019-12-13,118.163,94.264,90.54,60.912,79.505
2019-12-16,118.799,94.891,91.199,61.198,80.261
2019-12-17,118.579,94.815,91.171,61.16,80.279
2019-12-18,118.531,94.91,91.256,61.132,80.415
2019-12-19,119.258,95.299,91.606,61.377,80.696
2019-12-20,120.128,95.841,92.156,61.773,81.375
2019-12-23,119.66,95.85,92.165,61.509,81.448
2019-12-24,119.851,95.822,92.241,61.566,81.43
2019-12-26,120.243,96.173,92.345,61.745,81.656
2019-12-27,120.425,96.192,92.336,61.896,81.484
2019-12-30,119.832,95.727,91.974,61.698,81.031
2019-12-31,120.09,95.907,92.277,61.83,81.312
2020-01-02,120.492,96.743,92.618,61.848,81.837
2020-01-03,120.473,96.116,92.182,61.886,80.958
2020-01-06,120.607,96.344,92.315,61.971,80.832
2020-01-07,120.31,96.211,92.267,61.717,80.949
2020-01-08,120.951,96.6,92.571,61.848,81.131
2020-01-09,122.003,97.388,92.997,62.235,81.276
2020-01-10,122.003,97.255,92.675,62.207,80.931
2020-01-13,123.141,98.063,93.319,62.584,81.185
2020-01-14,122.902,97.92,93.48,62.546,81.475
2020-01-15,123.944,98.215,93.632,62.98,81.158
2020-01-16,124.93,99.012,94.513,63.46,81.819
2020-01-17,125.657,99.288,94.617,63.734,81.892
2020-01-21,126.307,99.022,94.342,63.894,81.502
2020-01-22,126.603,99.079,94.257,64.007,81.937
2020-01-23,126.842,98.984,94.484,64.158,81.991
2020-01-24,126.278,97.958,93.537,63.856,81.439
2020-01-27,125.159,96.334,92.05,63.404,79.753
2020-01-28,126.259,97.198,92.893,63.781,80.56
2020-01-29,125.867,97.331,92.609,63.564,79.699
2020-01-30,126.756,97.464,92.864,64.063,79.744
2020-01-31,124.585,95.252,91.102,63.281,78.24
2020-02-03,125.771,96.201,91.813,63.62,78.602
2020-02-04,127.33,97.616,93.291,64.054,80.016
2020-02-05,127.244,98.803,94.276,64.554,81.729
2020-02-06,127.885,99.155,94.285,64.629,81.828
2020-02-07,127.397,98.499,93.565,64.459,81.176
2020-02-10,128.698,98.974,93.925,64.836,81.484
2020-02-11,128.803,99.155,94.693,64.949,82.127
2020-02-12,129.138,99.753,95.337,65.044,82.834
2020-02-13,130.027,99.515,95.27,65.355,82.499
2020-02-14,130.907,99.705,95.394,65.666,81.937
2020-02-18,130.802,99.43,95.204,65.619,81.439
2020-02-19,131.108,99.762,95.574,65.59,81.874
2020-02-20,130.563,99.458,95.64,65.458,81.729
2020-02-21,129.377,98.499,94.693,65.27,80.904
2020-02-24,126.163,95.1,91.803,63.95,78.004
2020-02-25,122.663,92.194,88.753,62.348,75.195
2020-02-26,121.946,91.995,87.749,62.131,74.407
2020-02-27,116.59,88.083,84.196,59.37,71.28
2020-02-28,115.633,87.313,83.24,57.749,70.7
2020-03-02,121.209,91.178,86.214,60.944,73.519
2020-03-03,118.856,88.443,84.149,59.888,71.144
2020-03-04,124.298,91.89,87.313,62.584,73.945
2020-03-05,120.836,88.994,84.282,61.038,71.362
2020-03-06,119.172,87.693,82.529,60.491,70.03
2020-03-09,111.042,81.521,75.282,56.834,63.415
2020-03-10,115.824,85.737,78.712,58.663,66.749
2020-03-11,110.047,81.521,74.373,56.109,63.089
2020-03-12,100.187,73.886,67.003,50.84,55.939
2020-03-13,108.211,80.581,72.26,54.223,61.494
2020-03-16,94.831,72.377,62.437,48.757,53.691
2020-03-17,101.44,75.529,66.643,51.311,56.6
2020-03-18,95.978,72.282,61.385,48.945,53.909
2020-03-19,95.338,72.301,62.825,48.097,53.646
2020-03-20,89.723,68.426,59.964,45.571,51.217
2020-03-23,86.424,65.787,58.193,43.931,50.139
2020-03-24,95.624,72.604,64.133,47.739,55.168
2020-03-25,97.839,74.151,65.819,48.576,55.96
2020-03-26,104.295,78.314,69.756,51.962,59.572
2020-03-27,102.258,75.879,67.668,50.881,57.317
2020-03-30,105.515,78.715,69.346,52.512,58.939
2020-03-31,102.297,77.368,68.05,51.222,57.748
2020-04-01,97.31,74.142,64.627,49.259,54.54
2020-04-02,98.867,75.889,65.523,50.359,55.291
2020-04-03,97.109,74.714,64.303,49.648,54.32
2020-04-06,104.055,79.717,69.28,52.778,58.362
2020-04-07,103.257,79.956,69.861,52.692,59.068
2020-04-08,106.178,82.629,72.817,54.627,61.469
2020-04-09,107.023,83.478,74.542,56.107,62.551
2020-04-13,107.465,82.142,73.093,54.94,61.625
2020-04-14,111.654,84.729,74.904,56.514,63.019
2020-04-15,110.222,82.772,72.74,55.13,60.809
2020-04-16,112.0,82.944,72.769,55.414,60.635
2020-04-17,113.835,85.34,75.391,57.026,62.762
2020-04-20,112.615,83.784,74.104,55.784,61.304
2020-04-21,108.397,81.302,71.92,54.39,59.214
2020-04-22,111.289,83.173,73.389,55.376,60.305
2020-04-23,110.991,83.087,73.532,54.959,60.498
2020-04-24,112.605,84.405,74.561,55.462,61.387
2020-04-27,114.036,85.856,76.487,56.344,62.909
2020-04-28,112.615,85.865,76.954,56.334,63.614
2020-04-29,115.353,88.118,79.118,56.875,66.016
2020-04-30,114.267,86.868,77.345,56.021,64.146
2020-05-01,111.471,84.786,74.971,54.874,61.607
2020-05-04,112.97,85.054,75.209,55.035,61.515
2020-05-05,114.757,85.865,76.058,55.604,61.772
2020-05-06,114.728,85.426,75.352,54.902,61.039
2020-05-07,115.554,86.39,76.668,55.547,61.763
2020-05-08,116.871,87.832,78.413,56.315,63.678
2020-05-11,118.494,87.975,78.146,56.144,63.092
2020-05-12,116.409,86.037,76.42,55.187,61.46
2020-05-13,115.276,84.7,74.323,54.399,59.489
2020-05-14,116.256,85.722,75.19,54.921,60.791
2020-05-15,117.649,86.371,75.534,55.158,60.507
2020-05-18,118.792,89.044,78.804,56.676,63.697
2020-05-19,118.244,88.004,78.098,56.021,62.863
2020-05-20,119.407,89.407,79.29,56.514,64.219
2020-05-21,118.302,88.872,78.87,56.135,63.733
2020-05-22,118.859,89.044,79.109,56.334,63.596
2020-05-26,117.966,90.476,80.968,56.97,65.778
2020-05-27,118.821,91.507,82.626,57.681,67.996
2020-05-28,119.109,91.24,82.236,58.202,66.41
2020-05-29,120.973,91.746,82.445,58.44,66.364
2020-06-01,121.626,92.052,83.37,58.639,66.639
2020-06-02,121.751,92.768,84.2,58.8,67.345
2020-06-03,121.597,94.152,86.306,59.312,68.958
2020-06-04,120.223,93.617,86.402,58.857,69.912
2020-06-05,121.607,95.966,89.052,60.071,72.286
2020-06-08,122.577,96.835,90.72,60.706,73.835
2020-06-09,123.048,95.87,88.928,60.071,72.249
2020-06-10,124.864,95.298,87.212,59.786,70.581
2020-06-11,119.061,89.646,81.521,56.789,65.411
2020-06-12,119.541,90.61,82.979,57.15,66.731
2020-06-15,121.339,91.41,84.137,57.561,67.355
2020-06-16,123.574,93.116,85.726,58.4,68.618
2020-06-17,123.931,92.704,85.133,58.248,67.751
2020-06-18,123.95,92.637,85.133,58.276,67.576
2020-06-19,124.855,92.1,84.568,57.914,67.18
2020-06-22,125.954,92.723,84.702,58.038,67.161
2020-06-23,126.166,93.231,84.788,58.0,67.17
2020-06-24,123.757,90.72,82.041,56.78,65.088
2020-06-25,125.241,91.544,82.97,57.323,65.687
2020-06-26,122.784,89.187,81.228,56.446,64.24
2020-06-29,123.642,90.519,82.625,57.104,65.567
2020-06-30,126.204,91.918,83.841,57.79,66.618
2020-07-01,127.919,92.407,83.783,58.038,65.945
2020-07-02,128.902,92.972,84.204,58.219,66.359
2020-07-06,131.599,94.314,85.209,58.534,67.309
2020-07-07,131.146,93.164,84.013,58.124,66.018
2020-07-08,132.659,93.681,84.539,58.238,66.221
2020-07-09,133.555,93.039,83.41,57.895,64.857
2020-07-10,134.393,93.988,84.549,58.343,66.35
2020-07-13,131.618,93.193,83.927,57.933,66.184
2020-07-14,133.401,94.515,85.238,58.848,67.115
2020-07-15,133.68,95.751,87.028,59.277,68.461
2020-07-16,133.025,95.291,86.904,59.325,68.636
2020-07-17,133.815,95.713,87.287,59.925,68.7
2020-07-20,137.013,96.154,87.133,59.963,68.332
2020-07-21,135.617,96.547,87.736,60.059,68.94
2020-07-22,136.243,97.323,88.416,60.64,69.511
2020-07-23,133.516,96.249,88.024,60.335,69.475
2020-07-24,132.013,95.262,87.325,59.973,67.622
2020-07-27,134.114,95.943,87.899,60.183,67.779
2020-07-28,132.871,95.215,87.239,60.03,67.512
2020-07-29,134.422,96.221,88.713,60.593,68.147
2020-07-30,134.422,95.78,88.177,60.345,67.576
2020-07-31,135.058,96.47,88.158,60.431,67.318
2020-08-03,136.744,96.805,88.722,60.488,67.696
2020-08-04,137.302,97.16,89.0,60.755,68.194
2020-08-05,137.505,98.109,89.785,60.707,68.415
2020-08-06,137.986,98.693,89.641,60.859,68.074
2020-08-07,136.84,98.961,90.158,61.317,68.857
2020-08-10,135.761,99.201,90.914,61.25,70.129
2020-08-11,133.025,98.703,90.723,60.688,70.046
2020-08-12,136.628,99.939,91.326,61.307,70.396
2020-08-13,137.341,99.699,91.048,61.193,69.677
2020-08-14,137.235,99.651,91.135,61.203,70.074
2020-08-17,139.73,99.958,91.364,61.489,69.945
2020-08-18,140.636,100.006,91.01,61.489,69.502
2020-08-19,139.932,99.699,90.589,61.041,69.456
2020-08-20,141.57,99.929,90.273,61.041,68.894
2020-08-21,142.283,100.226,90.139,60.964,68.857
2020-08-24,141.821,101.328,91.326,61.355,70.083
2020-08-25,142.755,101.673,91.393,61.469,69.963
2020-08-26,145.347,102.603,91.546,61.632,69.668
2020-08-27,145.183,102.689,91.986,61.917,69.834
2020-08-28,145.8,103.705,92.733,62.203,70.562
2020-08-31,147.861,103.092,92.101,62.079,69.908
2020-09-01,149.576,103.82,92.848,62.06,69.797
2020-09-02,150.655,105.564,94.418,63.252,71.263
2020-09-03,143.083,102.047,91.747,61.736,69.594
2020-09-04,141.089,101.127,91.307,61.355,69.797
2020-09-08,135.125,98.712,89.258,60.373,68.544
2020-09-09,139.306,100.293,90.627,61.307,69.198
2020-09-10,136.821,98.645,89.412,60.45,68.046
2020-09-11,136.349,98.722,89.574,60.631,68.562
2020-09-14,139.374,100.016,91.23,61.479,69.613
2020-09-15,141.599,100.562,91.479,61.765,69.429
2020-09-16,139.807,100.408,91.872,61.755,70.12
2020-09-17,138.333,99.517,91.297,61.431,69.963
2020-09-18,137.784,98.588,90.388,60.869,69.318
2020-09-21,138.275,97.007,88.56,60.154,67.641
2020-09-22,139.364,98.041,89.201,60.564,67.696
2020-09-23,135.503,96.378,87.187,59.389,66.415
2020-09-24,135.715,96.513,87.312,59.465,66.591
2020-09-25,138.958,97.87,88.688,60.289,67.148
2020-09-28,140.926,99.477,90.226,60.96,68.548
2020-09-29,140.84,99.189,89.803,60.691,68.066
2020-09-30,142.239,99.843,90.168,61.046,68.446
2020-10-01,144.024,100.392,90.822,61.304,68.688
2020-10-02,140.695,99.593,91.188,61.065,68.827
2020-10-05,143.841,101.239,92.822,61.87,70.051
2020-10-06,141.612,100.055,91.986,61.228,69.495
2020-10-07,144.198,101.624,93.678,61.965,70.858
2020-10-08,144.767,102.557,94.746,62.55,72.055
2020-10-09,146.562,103.549,95.082,62.952,71.693
2020-10-12,149.245,104.867,95.726,63.536,72.287
2020-10-13,149.476,104.155,95.121,63.105,71.591
2020-10-14,148.492,103.539,94.88,62.818,71.396
2020-10-15,147.517,103.404,95.121,62.54,71.786
2020-10-16,147.199,103.385,95.072,62.674,71.879
2020-10-19,145.018,101.739,93.842,61.726,71.202
2020-10-20,144.728,102.24,94.39,61.802,71.434
2020-10-21,143.937,102.403,94.072,61.889,71.137
2020-10-22,143.802,102.971,94.957,62.099,72.148
2020-10-23,144.178,103.5,95.476,62.291,71.666
2020-10-26,142.567,101.287,93.361,61.371,69.94
2020-10-27,142.789,100.834,92.457,60.912,68.725
2020-10-28,138.002,97.071,89.803,59.111,66.739
2020-10-29,138.746,98.149,90.736,59.264,67.509
2020-10-30,136.285,97.254,90.024,59.063,67.713
2020-11-02,137.366,98.477,91.678,59.915,69.068
2020-11-03,139.846,100.324,93.688,60.921,70.413
2020-11-04,146.128,102.759,94.226,61.592,70.497
2020-11-05,148.82,104.53,96.323,62.119,72.222
2020-11-06,148.791,104.347,96.121,62.329,71.721
2020-11-09,144.478,106.802,98.775,63.345,74.328
2020-11-10,142.683,106.619,99.044,63.795,75.339
2020-11-11,145.587,106.946,99.342,64.101,75.265
2020-11-12,145.192,105.676,98.015,63.44,73.938
2020-11-13,145.867,107.35,99.948,64.264,75.785
2020-11-16,146.099,108.688,101.756,64.772,77.51
2020-11-17,146.147,108.245,101.65,64.37,77.13
2020-11-18,145.452,106.965,100.554,63.555,76.657
2020-11-19,146.629,107.11,101.217,63.67,76.898
2020-11-20,145.925,106.311,100.832,63.364,76.527
2020-11-23,146.012,107.052,102.102,63.45,78.364
2020-11-24,146.736,108.775,103.919,64.025,80.256
2020-11-25,148.357,108.39,103.544,63.91,79.57
2020-11-27,150.055,108.64,103.64,64.006,79.616
2020-11-30,150.769,108.236,102.909,63.843,78.837
2020-12-01,150.866,109.727,103.659,64.312,79.727
2020-12-02,150.132,109.506,103.65,64.101,80.349
2020-12-03,150.605,109.622,104.16,63.986,80.878
2020-12-04,151.387,110.526,105.698,64.312,82.39
2020-12-07,152.747,110.372,105.275,64.245,81.75
2020-12-08,153.433,110.805,105.785,64.437,82.371
2020-12-09,149.679,109.987,105.073,64.14,82.278
2020-12-10,151.242,109.641,105.323,63.891,81.694
2020-12-11,151.049,109.66,104.986,64.006,81.184
2020-12-14,152.006,109.05,104.514,63.825,80.666
2020-12-15,153.447,110.421,106.096,64.489,81.543
2020-12-16,154.153,110.421,106.154,64.469,81.31
2020-12-17,156.222,111.252,107.003,65.095,81.347
2020-12-18,156.551,110.846,106.772,65.085,80.358
2020-12-21,156.454,110.296,106.212,64.546,79.928
2020-12-22,157.46,110.054,106.357,64.344,79.21
2020-12-23,155.942,109.986,106.743,64.306,79.956
2020-12-24,156.386,110.556,106.772,64.575,80.068
2020-12-28,155.681,111.377,106.569,64.797,80.115
2020-12-29,155.226,111.271,106.145,64.662,80.003
2020-12-30,155.797,111.532,106.752,64.748,80.367
2020-12-31,155.951,112.247,107.283,65.316,81.123
2021-01-04,154.772,110.46,105.594,64.402,80.404
2021-01-05,156.174,110.904,106.579,64.469,81.394
2021-01-06,154.965,111.416,108.615,65.056,83.513
2021-01-07,159.761,112.672,110.063,65.451,84.595
2021-01-08,162.401,113.222,110.323,65.797,84.213
2021-01-11,160.409,112.701,110.198,65.461,84.791
2021-01-12,161.356,112.459,111.114,65.056,85.912
2021-01-13,161.917,112.498,110.651,65.047,86.164
2021-01-14,160.969,111.86,110.854,64.681,87.685
2021-01-15,159.2,111.29,109.937,64.748,86.574
2021-01-19,161.008,112.169,110.584,65.085,87.349
2021-01-20,164.257,113.319,111.491,65.672,87.788
2021-01-21,164.924,113.406,110.883,65.345,88.114
2021-01-22,164.982,112.72,110.506,65.181,86.817
2021-01-25,165.495,113.029,110.362,65.663,86.612
2021-01-26,163.715,112.797,109.503,65.614,86.444
2021-01-27,158.146,110.209,106.724,64.152,84.623
2021-01-28,160.766,111.435,108.084,64.402,85.071
2021-01-29,158.436,109.069,106.193,63.536,83.802
2021-02-01,162.342,110.556,107.843,64.152,84.857
2021-02-02,165.649,112.227,109.58,64.72,85.66
2021-02-03,165.166,112.015,109.773,64.373,86.052
2021-02-04,167.022,113.367,111.076,64.825,87.2
2021-02-05,168.347,113.985,111.944,65.162,87.47
2021-02-08,169.981,114.787,113.093,65.461,88.852
2021-02-09,169.884,114.71,113.228,65.499,88.852
2021-02-10,169.304,114.806,113.508,65.345,88.87
2021-02-11,170.88,115.415,113.778,65.374,89.309
2021-02-12,172.147,115.714,114.511,65.461,89.981
2021-02-16,171.702,115.396,114.425,64.989,90.037
2021-02-17,170.242,115.579,114.154,65.172,90.196
2021-02-18,169.043,115.318,113.459,65.239,89.776
2021-02-19,168.83,114.951,114.511,64.585,90.672
2021-02-22,162.807,114.227,113.672,64.277,90.457
2021-02-23,161.395,114.574,113.807,64.383,90.485
2021-02-24,162.507,115.878,115.206,64.71,92.585
2021-02-25,156.251,113.048,112.224,63.921,89.925
2021-02-26,157.508,112.556,111.906,63.295,89.589
2021-03-01,162.342,115.144,114.56,64.373,91.764
2021-03-02,159.403,114.285,113.739,64.152,91.26
2021-03-03,152.993,112.652,112.282,63.392,91.185
2021-03-04,148.777,111.068,110.217,62.718,89.813
2021-03-05,150.131,113.696,112.408,64.142,92.184
2021-03-08,145.035,113.531,112.543,64.325,92.987
2021-03-09,152.287,114.922,113.527,64.691,93.379
2021-03-10,151.968,115.714,114.598,65.095,94.462
2021-03-11,157.054,116.68,115.988,65.249,94.947
2021-03-12,155.632,116.555,116.586,65.557,95.983
2021-03-15,157.382,117.723,117.725,66.019,96.833
2021-03-16,156.754,117.743,116.712,66.134,96.45
2021-03-17,157.218,117.752,117.088,65.836,97.533
2021-03-18,151.919,116.033,115.496,65.364,96.459
2021-03-19,153.341,115.627,115.573,65.22,96.468
2021-03-22,155.507,116.661,115.92,65.807,96.907
2021-03-23,154.694,115.878,114.096,65.74,94.527
2021-03-24,150.865,115.424,113.421,65.605,93.668
2021-03-25,150.577,115.919,114.447,66.024,94.855
2021-03-26,153.257,118.384,116.228,67.145,96.553
2021-03-29,152.241,118.529,115.415,67.512,95.812
2021-03-30,152.444,117.85,115.744,66.923,96.365
2021-03-31,155.627,118.161,116.228,66.845,96.084
2021-04-01,158.094,119.432,117.467,67.357,97.069
2021-04-05,160.339,120.907,118.367,68.15,98.353
2021-04-06,161.316,120.887,118.677,68.13,98.156
2021-04-07,161.229,120.848,118.173,67.976,98.016
2021-04-08,163.764,121.333,118.57,68.101,97.922
2021-04-09,164.828,122.294,119.151,68.372,98.466
2021-04-12,165.592,122.139,119.374,68.449,98.081
2021-04-13,168.843,122.168,119.558,68.662,97.312
2021-04-14,166.337,121.877,119.625,68.584,97.5
2021-04-15,169.791,123.216,120.729,69.377,97.95
2021-04-16,169.278,123.798,121.087,69.753,98.353
2021-04-19,166.927,123.255,120.322,69.541,97.697
2021-04-20,165.36,122.459,119.383,69.744,96.412
2021-04-21,166.763,123.614,120.874,70.043,98.025
2021-04-22,165.641,122.702,120.274,69.657,97.106
2021-04-23,168.291,123.769,121.735,69.976,97.791
2021-04-26,169.897,123.749,122.219,69.647,98.053
2021-04-27,169.336,123.652,122.403,69.483,98.231
2021-04-28,168.678,123.594,122.287,69.299,98.025
2021-04-29,167.943,124.749,122.742,69.647,98.653
2021-04-30,166.608,123.837,121.755,69.512,97.791
2021-05-03,165.466,124.429,122.161,69.937,98.588
2021-05-04,162.235,123.866,121.58,69.657,98.419
2021-05-05,161.355,123.788,121.706,69.599,99.169
2021-05-06,161.606,124.72,121.939,70.14,100.191
2021-05-07,163.232,125.68,123.323,70.449,101.148
2021-05-10,159.081,124.545,122.51,70.555,100.454
2021-05-11,159.41,123.478,121.426,69.869,99.15
2021-05-12,154.495,120.751,118.483,68.72,96.628
2021-05-13,154.95,122.449,120.003,69.599,98.269
2021-05-14,158.588,124.167,122.064,70.178,99.732
2021-05-17,157.572,123.614,121.851,69.898,99.948
2021-05-18,156.788,122.595,121.048,69.589,98.682
2021-05-19,156.827,122.42,120.39,69.299,98.4
2021-05-20,160.32,123.827,121.658,70.12,99.179
2021-05-21,159.691,123.643,121.793,70.014,99.601
2021-05-24,162.438,124.817,122.713,70.246,100.229
2021-05-25,162.719,124.652,122.016,69.956,99.357
2021-05-26,163.928,124.885,122.684,69.908,99.882
2021-05-27,164.847,124.943,123.381,69.869,100.82
2021-05-28,164.847,125.088,123.623,70.12,100.576
2021-06-01,166.018,124.836,123.778,69.705,100.97
2021-06-02,165.573,125.399,123.903,69.937,101.307
2021-06-03,164.499,125.04,123.449,69.908,101.354
2021-06-04,166.134,126.321,124.368,70.439,101.954
2021-06-07,166.202,126.389,124.407,70.391,101.711
2021-06-08,166.105,126.272,124.707,70.304,101.589
2021-06-09,164.741,126.03,124.194,70.449,100.998
2021-06-10,164.592,126.758,124.711,71.043,100.893
2021-06-11,165.405,127.011,125.187,70.956,101.223
2021-06-14,164.737,127.273,124.896,71.072,100.451
2021-06-15,163.904,126.942,124.643,70.81,100.658
2021-06-16,163.498,125.921,123.993,70.248,99.687
2021-06-17,161.939,126.135,123.469,70.423,98.237
2021-06-18,159.702,124.5,121.809,69.609,96.353
2021-06-21,162.287,126.251,123.711,70.5,98.039
2021-06-22,163.42,127.04,124.313,70.713,98.039
2021-06-23,164.64,126.65,124.265,70.355,97.916
2021-06-24,166.702,127.458,125.051,70.81,98.745
2021-06-25,167.07,128.655,125.837,71.275,99.198
2021-06-28,167.341,129.229,125.711,71.411,99.009
2021-06-29,167.554,129.434,125.692,71.382,98.661
2021-06-30,167.913,129.297,125.633,71.324,98.972
2021-07-01,168.203,130.076,126.177,71.76,99.311
2021-07-02,168.387,131.234,126.565,72.206,99.282
2021-07-06,166.586,130.913,126.041,72.196,97.935
2021-07-07,165.928,131.565,126.158,72.632,97.935
2021-07-08,163.982,130.484,124.808,72.157,96.861
2021-07-09,167.351,131.633,126.672,72.661,98.538
2021-07-12,169.162,132.032,126.75,72.68,98.99
2021-07-13,167.419,131.789,125.566,72.525,98.029
2021-07-14,166.199,131.915,125.022,72.787,98.001
2021-07-15,165.812,131.419,124.721,72.855,97.558
2021-07-16,163.962,130.679,124.022,72.942,96.334
2021-07-19,161.707,129.015,122.236,72.264,94.742
2021-07-20,165.444,130.699,124.74,72.855,96.598
2021-07-21,168.281,131.672,125.779,72.894,97.785
2021-07-22,167.719,131.964,125.711,73.126,97.172
2021-07-23,169.297,133.832,126.847,73.882,97.351
2021-07-26,169.965,133.9,126.876,73.746,97.945
2021-07-27,168.242,133.365,126.527,73.863,97.521
2021-07-28,169.404,133.404,126.925,73.688,97.624
2021-07-29,170.469,134.027,127.672,73.863,98.811
2021-07-30,169.462,133.667,127.216,73.853,98.284
2021-08-02,169.326,133.453,127.08,73.727,98.171
2021-08-03,171.282,134.445,127.905,74.182,99.339
2021-08-04,170.953,134.241,127.332,73.892,97.813
2021-08-05,173.034,135.117,128.167,74.144,98.284
2021-08-06,173.983,135.126,128.274,74.105,99.028
2021-08-09,175.474,134.99,128.274,74.182,98.811
2021-08-10,176.055,135.029,128.332,74.114,99.48
2021-08-11,175.929,135.194,128.856,74.221,100.168
2021-08-12,176.22,135.321,128.963,74.386,99.716
2021-08-13,175.377,135.856,129.012,74.696,99.65
2021-08-16,173.964,136.664,128.837,75.083,99.593
2021-08-17,171.824,135.516,127.856,75.161,98.764
2021-08-18,170.536,133.9,126.75,74.299,97.737
2021-08-19,168.861,134.474,126.459,74.628,96.937
2021-08-20,170.091,135.798,127.429,75.18,97.483
2021-08-23,173.373,136.644,128.517,75.335,98.312
2021-08-24,174.738,136.732,129.177,75.093,98.887
2021-08-25,176.171,136.956,129.895,75.083,99.358
2021-08-26,175.097,136.031,129.002,74.725,98.406
2021-08-27,177.517,137.403,130.303,75.054,99.414
2021-08-30,176.994,137.968,130.235,75.326,98.962
2021-08-31,176.442,137.452,130.186,75.238,99.037
2021-09-01,176.249,137.53,130.4,75.519,98.425
2021-09-02,177.052,137.598,131.186,75.849,99.235
2021-09-03,177.275,137.588,130.982,75.829,98.727
2021-09-07,177.304,136.508,129.905,75.016,98.029
2021-09-08,175.726,136.304,129.691,75.384,97.719
2021-09-09,176.404,135.788,129.39,74.88,97.379
2021-09-10,175.232,135.087,128.487,74.473,96.72
2021-09-13,175.629,134.951,128.565,74.269,97.775
2021-09-14,174.293,134.338,127.779,73.95,96.645
2021-09-15,176.626,135.185,128.866,74.308,97.898
2021-09-16,176.646,134.98,128.779,74.114,97.624
2021-09-17,175.271,133.54,127.915,73.533,97.031
2021-09-20,170.604,131.399,125.74,72.835,95.213
2021-09-21,170.614,131.292,125.672,72.797,94.723
2021-09-22,173.489,132.158,126.973,73.155,95.703
2021-09-23,177.062,133.521,128.604,73.659,97.021
2021-09-24,177.415,133.499,128.567,73.597,97.134
2021-09-27,177.871,132.669,128.284,72.877,98.169
2021-09-28,173.506,129.839,125.75,71.759,97.021
2021-09-29,172.197,130.015,125.818,72.206,97.096
2021-09-30,170.325,128.58,124.464,71.486,95.55
2021-10-01,172.051,129.888,125.76,71.885,96.413
2021-10-04,169.704,127.76,124.356,71.272,96.195
2021-10-05,172.08,129.263,125.458,71.71,96.916
2021-10-06,171.954,129.653,125.887,72.041,96.565
2021-10-07,173.933,130.903,127.154,72.683,97.656
2021-10-08,173.632,130.776,126.666,72.381,97.637
2021-10-11,172.216,129.995,126.023,72.002,96.964
2021-10-12,172.381,129.712,126.423,72.021,96.442
2021-10-13,173.128,130.678,127.095,72.459,96.413
2021-10-14,176.406,133.04,129.21,73.519,98.131
2021-10-15,178.414,133.782,129.581,73.636,98.643
2021-10-18,179.762,134.524,129.902,73.743,98.387
2021-10-19,180.635,135.676,130.692,74.336,98.966
2021-10-20,180.858,136.125,131.491,74.744,99.981
2021-10-21,181.266,136.837,131.92,75.095,99.63
2021-10-22,181.188,136.789,132.124,75.396,98.985
2021-10-25,184.195,137.53,132.534,75.493,99.155
2021-10-26,183.914,137.159,132.144,75.484,98.51
2021-10-27,181.663,136.154,130.497,74.696,96.935
2021-10-28,184.622,137.433,131.871,75.182,98.14
2021-10-29,184.952,138.497,131.851,75.425,97.922
2021-11-01,186.853,138.223,132.816,75.338,99.136
2021-11-02,186.824,139.014,133.089,75.737,99.383
2021-11-03,187.929,139.678,133.742,75.931,100.342
2021-11-04,187.221,141.249,133.703,76.028,100.199
2021-11-05,186.979,141.337,134.161,75.649,101.12
2021-11-08,187.493,141.513,134.736,75.717,101.49
2021-11-09,184.651,141.62,134.717,75.668,101.366
2021-11-10,182.721,140.254,133.43,75.649,101.015
2021-11-11,183.235,140.468,133.84,75.542,101.708
2021-11-12,184.05,141.962,134.873,76.019,102.125
2021-11-15,183.487,142.02,134.961,76.067,102.116
2021-11-16,184.438,142.596,135.448,76.291,101.765
2021-11-17,183.031,141.454,134.697,76.048,101.205
2021-11-18,182.983,141.63,134.171,75.873,100.645
2021-11-19,181.78,141.952,133.508,75.785,99.801
2021-11-22,182.245,140.869,132.875,75.493,100.92
2021-11-23,182.284,141.074,132.933,75.61,101.537
2021-11-24,183.118,141.62,133.294,75.795,101.385
2021-11-26,179.491,138.672,130.467,74.871,99.146
2021-11-29,182.245,140.4,131.501,75.484,99.44
2021-11-30,177.648,137.657,128.245,73.879,96.992
2021-12-01,173.846,135.734,126.013,73.373,96.404
2021-12-02,176.755,137.608,128.869,74.608,98.453
2021-12-03,172.924,136.349,127.66,74.501,98.396
2021-12-06,172.439,137.394,129.239,75.133,99.563
2021-12-07,178.269,140.634,131.764,75.912,101.195
2021-12-08,178.433,140.81,132.436,76.009,100.996
2021-12-09,175.495,139.668,130.974,75.737,100.503
2021-12-10,177.357,140.8,131.364,76.534,101.499
2021-12-13,174.571,139.76,130.615,76.866,100.286
2021-12-14,172.481,138.624,129.658,76.349,100.028
2021-12-15,176.273,141.404,131.212,77.432,101.146
2021-12-16,173.482,139.633,130.518,77.549,101.824
2021-12-17,171.576,138.037,129.99,76.7,100.821
2021-12-20,168.757,136.158,128.123,76.339,99.636
2021-12-21,172.626,138.722,130.811,76.895,101.757
2021-12-22,174.678,139.887,131.652,77.441,102.512
2021-12-23,176.185,140.836,132.649,77.734,103.381
2021-12-27,179.345,143.186,134.085,78.612,104.461
2021-12-28,177.887,142.824,133.988,78.729,104.547
2021-12-29,178.052,143.205,134.339,79.071,104.881
2021-12-30,177.313,142.824,134.437,79.032,104.709
2021-12-31,176.788,142.481,134.164,78.934,104.595
2022-01-03,177.167,142.099,134.017,78.446,106.162
2022-01-04,176.555,141.933,134.613,78.183,107.987
2022-01-05,170.633,138.517,131.935,77.246,107.213
2022-01-06,171.236,138.644,132.082,76.924,107.471
2022-01-07,169.661,137.342,131.671,76.641,107.824
2022-01-10,170.254,136.725,131.182,76.446,107.939
2022-01-11,172.169,137.998,132.639,76.71,108.789
2022-01-12,172.87,138.194,132.649,76.797,108.961
2022-01-13,168.047,136.216,131.446,76.017,109.248
2022-01-14,167.386,135.972,131.133,75.695,109.802
2022-01-18,163.039,133.544,128.895,74.914,107.662
2022-01-19,161.182,132.321,127.507,74.827,105.445
2022-01-20,159.403,130.598,126.012,74.124,103.83
2022-01-21,155.562,128.444,124.018,73.363,101.967
2022-01-24,156.389,129.306,125.034,73.695,102.369
2022-01-25,153.929,127.446,123.324,72.504,101.805
2022-01-26,154.094,127.142,122.18,71.636,100.897
2022-01-27,152.178,126.584,121.359,71.617,99.827
2022-01-28,156.155,130.001,123.676,73.334,101.375
2022-01-31,160.822,132.575,126.207,74.212,102.531
2022-02-01,162.68,133.329,127.097,74.319,102.951
2022-02-02,163.953,135.149,127.849,75.07,103.907
2022-02-03,160.113,131.019,125.591,74.192,102.598
2022-02-04,162.193,130.568,125.992,74.007,101.738
2022-02-07,161.795,130.03,126.051,73.851,102.12
2022-02-08,162.894,130.598,127.214,74.075,102.846
2022-02-09,166.861,133.104,129.589,74.953,104.432
2022-02-10,163.739,130.187,127.409,73.451,103.037
2022-02-11,159.004,127.485,125.689,72.709,101.92
2022-02-14,157.789,126.79,124.888,72.358,101.012
2022-02-15,161.484,129.051,126.999,72.865,102.646
2022-02-16,161.61,129.306,127.165,72.661,102.665
2022-02-17,156.126,126.438,124.604,71.773,101.021
2022-02-18,154.318,125.645,123.744,71.597,100.429
2022-02-22,152.46,124.02,122.424,71.06,99.168
2022-02-23,149.125,122.003,120.343,70.133,97.926
2022-02-24,153.345,124.314,122.034,70.855,98.26
2022-02-25,156.35,127.377,125.112,72.446,100.859
2022-02-28,156.515,127.133,124.721,71.938,100.324
2022-03-01,154.065,125.449,122.698,71.675,98.442
2022-03-02,157.478,127.828,125.269,72.7,101.404
2022-03-03,155.193,127.309,124.428,72.934,100.916
2022-03-04,152.723,126.134,123.637,73.422,99.722
2022-03-07,146.665,122.405,120.049,72.28,97.028
2022-03-08,145.917,121.504,119.238,70.924,96.368
2022-03-09,151.77,124.754,122.034,72.065,98.222
2022-03-10,151.031,123.942,121.652,71.958,97.572
2022-03-11,148.114,122.131,120.098,71.451,96.684
2022-03-14,146.413,120.937,119.267,71.373,96.063
2022-03-15,150.156,123.55,121.291,72.661,97.582
2022-03-16,155.387,126.222,123.773,73.383,99.407
2022-03-17,158.149,127.974,125.464,74.241,100.343
2022-03-18,161.231,129.903,126.745,74.719,100.735
2022-03-21,161.027,129.619,126.5,74.583,100.649
2022-03-22,163.953,130.931,127.654,74.953,101.509
2022-03-23,161.221,129.061,126.061,74.036,100.142
2022-03-24,163.966,131.115,127.573,74.769,101.661
2022-03-25,163.908,131.527,128.182,75.18,102.478
2022-03-28,165.984,132.46,128.594,75.787,102.19
2022-03-29,168.342,134.875,130.733,76.649,103.566
2022-03-30,166.374,133.942,129.585,76.57,102.661
2022-03-31,163.986,132.165,127.868,75.953,100.612
2022-04-01,164.249,132.342,128.427,76.453,100.496
2022-04-04,166.062,133.49,128.868,76.6,100.747
2022-04-05,162.446,131.723,127.269,76.394,99.217
2022-04-06,159.639,130.506,126.543,76.756,98.842
2022-04-07,160.897,131.154,126.955,77.295,99.198
2022-04-08,160.097,130.614,127.053,77.452,99.813
2022-04-11,156.696,128.386,125.827,76.512,99.592
2022-04-12,155.868,127.836,125.435,76.12,99.351
2022-04-13,158.031,129.308,127.053,76.658,100.112
2022-04-14,155.088,127.865,126.082,76.159,99.496
2022-04-18,155.215,127.522,125.543,75.621,99.775
2022-04-19,158.158,130.143,127.779,76.551,101.17
2022-04-20,157.778,130.084,128.398,76.844,101.805
2022-04-21,154.143,127.875,126.21,76.139,100.862
2022-04-22,149.339,124.478,122.874,74.279,98.101
2022-04-25,150.459,125.509,123.266,74.583,98.495
2022-04-26,144.846,122.329,120.294,73.085,96.35
2022-04-27,144.787,122.211,120.451,73.173,96.196
2022-04-28,148.715,125.666,122.599,74.406,97.937
2022-04-29,143.189,121.219,118.714,71.9,94.829
2022-05-02,145.099,122.289,119.126,71.684,95.58
2022-05-03,146.22,122.613,120.117,71.939,96.831
2022-05-04,151.025,126.491,123.345,73.545,99.707
2022-05-05,144.544,121.425,119.322,71.635,97.321
2022-05-06,142.916,120.08,118.204,71.234,96.956
2022-05-09,136.075,116.537,114.309,69.834,94.618
2022-05-10,136.894,116.703,113.985,69.814,94.377
2022-05-11,133.619,114.701,112.553,69.334,93.078
2022-05-12,133.775,115.201,113.043,69.55,93.357
2022-05-13,138.736,118.019,116.045,70.676,95.243
2022-05-16,136.952,117.616,115.467,70.686,95.205
2022-05-17,140.217,119.806,117.831,71.342,97.764
2022-05-18,133.746,114.288,113.514,68.688,93.973
2022-05-19,133.834,113.268,113.612,68.414,92.972
2022-05-20,133.551,113.857,113.485,68.864,92.934
2022-05-23,136.553,115.722,115.064,69.873,94.541
2022-05-24,134.184,114.652,114.191,70.225,94.194
2022-05-25,136.28,115.928,115.604,70.441,95.503
2022-05-26,140.402,118.883,117.821,71.332,97.302
2022-05-27,144.173,122.073,120.539,72.654,99.121
2022-05-31,142.332,121.013,119.332,71.929,98.534
2022-06-01,141.932,119.59,117.91,71.371,97.62
2022-06-02,142.585,122.417,120.804,72.223,98.591
2022-06-03,141.971,120.522,119.077,71.606,97.235
2022-06-06,142.107,120.787,119.362,71.616,97.533
2022-06-07,144.398,122.034,120.735,72.174,98.476
2022-06-08,143.053,120.679,119.205,71.283,96.725
2022-06-09,139.91,117.834,116.108,69.831,94.461
2022-06-10,137.721,114.268,112.632,68.78,91.913
2022-06-13,132.973,109.639,107.649,66.806,88.048
2022-06-14,132.308,109.343,107.048,66.413,88.145
2022-06-15,132.416,110.831,108.693,66.895,89.026
2022-06-16,129.026,106.949,104.36,65.539,85.684
2022-06-17,127.257,106.999,105.167,65.726,85.636
2022-06-21,131.517,109.284,107.147,67.219,87.602
2022-06-22,130.784,109.097,107.137,67.474,87.186
2022-06-23,131.224,110.673,108.584,68.564,87.418
2022-06-24,133.95,114.328,112.238,70.136,90.16
2022-06-27,135.025,113.835,111.982,70.057,90.315
2022-06-28,134.048,110.939,109.934,68.849,89.21
2022-06-29,133.627,110.732,109.234,69.134,88.426
2022-06-30,133.237,110.062,108.348,68.957,87.689
2022-07-01,134.663,110.643,109.805,69.792,88.261
2022-07-05,132.621,111.392,110.101,69.566,87.806
2022-07-06,133.002,112.003,109.914,70.008,87.68
2022-07-07,134.331,113.943,111.932,70.322,89.21
2022-07-08,134.546,113.805,111.489,70.204,89.143
2022-07-11,133.979,112.485,110.012,69.929,88.232
2022-07-12,132.65,111.392,109.343,69.291,88.271
2022-07-13,132.23,110.909,108.712,69.095,87.767
2022-07-14,131.673,110.87,107.669,68.918,86.895
2022-07-15,133.764,112.771,109.865,69.812,88.988
2022-07-18,132.494,111.944,109.431,68.928,88.552
2022-07-19,134.868,115.194,112.622,70.234,91.051
2022-07-20,134.448,116.376,113.902,70.067,91.148
2022-07-21,134.546,117.332,114.965,70.627,91.158
2022-07-22,134.37,115.923,113.666,70.421,90.315
2022-07-25,136.06,115.746,113.853,70.371,90.722
2022-07-26,135.796,114.16,112.454,70.244,90.053
2022-07-27,137.33,117.066,115.015,71.088,91.69
2022-07-28,138.493,118.928,116.718,72.09,92.485
2022-07-29,140.125,120.199,117.831,72.493,92.824
2022-08-01,139.109,119.893,117.713,72.257,92.959
2022-08-02,138.346,118.879,117.388,71.796,91.894
2022-08-03,138.649,120.415,118.983,72.591,92.988
2022-08-04,137.047,120.701,118.825,72.571,92.436
2022-08-05,137.526,120.494,119.229,72.699,92.291
2022-08-08,138.044,120.425,119.79,72.905,92.523
2022-08-09,138.845,119.263,118.638,72.866,91.826
2022-08-10,140.007,122.257,121.77,73.662,93.608
2022-08-11,140.291,121.853,121.967,73.357,94.432
2022-08-12,142.284,123.912,124.025,74.388,96.011
2022-08-15,142.323,124.375,124.33,74.919,96.001
2022-08-16,142.684,124.592,124.635,75.263,96.263
2022-08-17,142.724,123.528,123.001,74.771,95.129
2022-08-18,143.691,124.119,123.237,74.968,95.885
2022-08-19,143.554,122.188,121.159,74.506,95.013
2022-08-22,142.108,119.726,118.372,73.436,92.824
2022-08-23,142.372,119.351,118.254,72.925,92.785
2022-08-24,143.026,119.716,119.003,73.023,93.095
2022-08-25,144.277,121.814,120.824,73.622,94.771
2022-08-26,141.17,117.293,116.866,71.688,91.777
2022-08-29,140.857,116.16,116.088,71.275,91.332
2022-08-30,138.649,114.978,114.847,70.656,90.412
2022-08-31,137.33,114.022,114.079,70.204,89.511
2022-09-01,137.868,114.259,113.685,70.892,89.646
2022-09-02,137.125,113.106,112.848,69.988,89.036
2022-09-06,136.783,112.998,112.494,69.841,88.29
2022-09-07,138.083,115.007,115.034,71.246,89.482
2022-09-08,138.913,115.884,116.206,71.55,90.14
2022-09-09,140.721,117.903,118.244,72.287,91.593
2022-09-12,141.883,118.622,119.288,72.709,92.543
2022-09-13,137.467,113.234,114.631,70.332,88.6
2022-09-14,138.542,113.362,114.64,70.332,88.455
2022-09-15,137.399,111.766,113.744,69.517,88.184
2022-09-16,136.598,110.919,112.238,69.321,87.496
2022-09-19,137.086,111.668,112.947,69.664,88.077
2022-09-20,136.158,110.092,111.086,68.82,86.294
2022-09-21,134.282,108.338,109.333,67.926,84.919
2022-09-22,134.546,107.255,107.403,67.7,84.134
2022-09-23,131.488,105.688,105.522,67.042,82.342
2022-09-26,129.911,104.52,104.015,66.323,80.929
2022-09-27,129.812,104.372,103.827,65.919,80.831
2022-09-28,132.608,106.857,106.41,67.103,82.571
2022-09-29,130.718,104.659,104.203,65.998,80.958
2022-09-30,129.152,102.897,103.164,65.238,80.019
2022-10-03,132.707,105.758,106.073,66.846,82.473
2022-10-04,135.965,108.817,109.923,68.268,85.474
2022-10-05,136.143,108.837,109.448,67.981,85.239
2022-10-06,135.237,107.906,108.458,66.945,84.301
2022-10-07,133.051,104.877,105.46,65.475,82.297
2022-10-10,132.332,104.263,104.618,65.396,81.574
2022-10-11,132.529,103.659,103.936,65.356,81.476
2022-10-12,132.136,103.253,103.48,64.892,81.114
2022-10-13,135.749,105.421,105.648,66.264,83.499
2022-10-14,133.071,102.778,102.906,65.07,82.062
2022-10-17,134.922,105.481,105.667,66.323,83.343
2022-10-18,136.34,106.688,107.192,67.083,84.35
2022-10-19,136.487,105.817,105.658,66.491,83.695
2022-10-20,135.897,104.986,104.727,65.948,83.617
2022-10-21,139.333,107.649,106.914,67.133,86.139
2022-10-24,141.144,108.965,107.904,68.031,87.253
2022-10-25,142.04,111.311,110.23,68.84,88.436
2022-10-26,142.946,110.836,110.339,68.909,89.062
2022-10-27,142.995,109.876,110.527,68.88,88.817
2022-10-28,145.821,112.48,112.724,70.715,90.958
2022-10-31,145.358,111.43,112.288,70.261,90.498
2022-11-01,145.112,111.391,112.427,70.182,90.958
2022-11-02,142.651,108.282,109.339,68.771,89.081
2022-11-03,142.749,107.292,108.874,68.317,88.123
2022-11-04,143.537,109.035,110.101,68.87,89.775
2022-11-07,145.043,110.292,110.913,69.393,90.635
2022-11-08,145.978,110.945,111.546,69.926,91.007
2022-11-09,142.651,108.648,109.3,69.107,89.169
2022-11-10,146.421,115.657,115.653,71.544,93.148
2022-11-11,145.801,117.311,117.177,71.15,94.066
2022-11-14,145.742,116.35,115.841,70.962,93.441
2022-11-15,146.293,117.657,117.177,71.347,93.998
2022-11-16,145.604,115.994,115.673,71.327,92.356
2022-11-17,146.185,115.786,114.743,71.278,92.541
2022-11-18,147.14,116.222,115.455,71.969,93.236
2022-11-21,147.15,115.588,115.208,72.255,92.923
2022-11-22,149.276,117.479,116.673,72.906,94.448
2022-11-23,149.198,118.231,117.316,73.173,94.672
2022-11-25,149.395,118.013,117.623,73.38,94.897
2022-11-28,147.632,116.41,115.643,72.581,93.196
2022-11-29,147.78,116.34,115.99,72.512,93.685
2022-11-30,150.399,120.023,119.186,74.278,95.689
2022-12-01,149.66,119.993,119.464,74.377,95.376
2022-12-02,150.3,119.954,119.345,74.515,95.083
2022-12-05,148.006,117.984,116.593,73.459,93.402
2022-12-06,146.274,116.063,114.951,72.877,92.278
2022-12-07,146.717,115.915,114.852,72.956,92.366
2022-12-08,146.914,116.895,115.693,73.429,92.874
2022-12-09,144.393,115.806,115.02,72.748,92.287
2022-12-12,146.392,117.736,116.732,73.814,93.578
2022-12-13,146.037,118.761,117.89,73.851,94.078
2022-12-14,145.8,118.284,117.037,73.573,93.586
2022-12-15,143.859,115.223,114.099,72.136,91.35
2022-12-16,142.859,113.881,112.967,71.422,90.138
2022-12-19,142.611,112.658,111.647,71.015,89.261
2022-12-20,143.166,112.837,111.895,71.055,89.232
2022-12-21,145.215,114.855,113.503,71.908,90.414
2022-12-22,143.621,113.085,112.133,71.382,89.33
2022-12-23,145.186,113.751,112.838,71.759,89.852
2022-12-27,145.443,113.394,112.689,71.888,89.842
2022-12-28,143.73,111.883,111.121,71.134,88.473
